station_name,station_code,station_category,division,zone,district,state
KUMBHAWAS MUNDHALIA,KWMD,HG2,DELHI,NR,GURUGRAM,HARYANA
NEW KAITHAL HALT,NKLE,HG2,DELHI,NR,KAITHAL,HARYANA
THANA BHAWAN TOWN,TBTN,HG2,DELHI,NR,SHAMLI,UTTAR PRADESH
AHERA,AHQ,HG3,DELHI,NR,BAGHPAT,UTTAR PRADESH
AILAM HALT,AILM,HG3,DELHI,NR,MUZAFFARNAGAR,UTTAR PRADESH
ALAWALPUR IDRISPUR,AIH,HG3,DELHI,NR,BAGHPAT,UTTAR PRADESH
ANAND VIHAR HALT,ANVR,HG3,DELHI,NR,NORTH EAST,DELHI
ASAN,ASAN,HG3,DELHI,NR,JIND,HARYANA
ASRA HALT,ASAR,HG3,DELHI,NR,BAGHPAT,UTTAR PRADESH
BARKA HALT,BADK,HG3,DELHI,NR,BAGHPAT,UTTAR PRADESH
BARWASNI HALT,BRNI,HG3,DELHI,NR,SONIPAT,HARYANA
BAWLI HALT,BAOL,HG3,DELHI,NR,BAGHPAT,UTTAR PRADESH
BEHTA HAZIPUR,BHHZ,HG3,DELHI,NR,GHAZIABAD,UTTAR PRADESH
BHAINSWAN,BASN,HG3,DELHI,NR,SONIPAT,HARYANA
BHAMBHEWA,BHMW,HG3,DELHI,NR,ROHTAK,HARYANA
BHANKALA,BNQL,HG3,DELHI,NR,SAHARANPUR,UTTAR PRADESH
BHUDPUR,BDHP,HG3,DELHI,NR,BAGHPAT,UTTAR PRADESH
BINJHOL,BNJL,HG3,DELHI,NR,PANIPAT,HARYANA
BUDHA KHERA,BKDE,HG3,DELHI,NR,JIND,HARYANA
BUTANA HALT,BUTN,HG3,DELHI,NR,KARNAL,HARYANA
CHANAKYAPURI,CNKP,HG3,DELHI,NR,SOUTH WEST,DELHI
CHANDER NAGAR HALT,CNJ,HG3,DELHI,NR,NORTH EAST,DELHI
DATEWAS,DTW,HG3,DELHI,NR,MANSA,PUNJAB
DHURANA,DHRN,HG3,DELHI,NR,SONIPAT,HARYANA
DIGHAL,DGHL,HG3,DELHI,NR,JHAJJAR,HARYANA
DUHAI,DXH,HG3,DELHI,NR,GHAZIABAD,UTTAR PRADESH
FAKHARPUR HALT,FAP,HG3,DELHI,NR,BAGHPAT,UTTAR PRADESH
GAON BARODA,GNBA,HG3,DELHI,NR,JIND,HARYANA
GEONG HALT,GXG,HG3,DELHI,NR,KAITHAL,HARYANA
GOKALGARH,GKG,HG3,DELHI,NR,REWARI,HARYANA
GOKULPUR SABOLI HALT,GPSL,HG3,DELHI,NR,NORTH EAST,DELHI
GOTRA,GTRA,HG3,DELHI,NR,BAGHPAT,UTTAR PRADESH
GUJRAN-BALWA HALT,GLBN,HG3,DELHI,NR,SHAMLI,UTTAR PRADESH
GURTHURI,GRZ,HG3,DELHI,NR,JIND,HARYANA
HARHAR FATEHPUR,HHP,HG3,DELHI,NR,MUZAFFARNAGAR,UTTAR PRADESH
HARSANA KALAN,HNN,HG3,DELHI,NR,SONIPAT,HARYANA
ISHAPUR KHERI HALT,ISRI,HG3,DELHI,NR,SONIPAT,HARYANA
ISRANA HALT,IRA,HG3,DELHI,NR,PANIPAT,HARYANA
JANDHERA HALT,JDHH,HG3,DELHI,NR,SAHARANPUR,UTTAR PRADESH
JASIA HALT,JSS,HG3,DELHI,NR,ROHTAK,HARYANA
KAHANGARH HALT,KAGR,HG3,DELHI,NR,MANSA,PUNJAB
KALWAN HALT,KLWN,HG3,DELHI,NR,JIND,HARYANA
KARSINDHU HALT,KSDE,HG3,DELHI,NR,JIND,HARYANA
KHANDARI HALT,KHDR,HG3,DELHI,NR,SONIPAT,HARYANA
KHANDRAWALI HALT,KZI,HG3,DELHI,NR,SHAMLI,UTTAR PRADESH
KIRTINAGAR HALT,KRTN,HG3,DELHI,NR,WEST,DELHI
KOHAND HALT,KFU,HG3,DELHI,NR,KARNAL,HARYANA
KOTLI KALAN HALT,KTKL,HG3,DELHI,NR,MANSA,PUNJAB
LAKHAN MAJRA HALT,LNMA,HG3,DELHI,NR,ROHTAK,HARYANA
LALIT KHERA HALT,LTKR,HG3,DELHI,NR,JIND,HARYANA
LATH HALT,LATH,HG3,DELHI,NR,SONIPAT,HARYANA
LODHI COLONY,LDCY,HG3,DELHI,NR,SOUTH,DELHI
MACHHRAULI,MHRI,HG3,DELHI,NR,JHAJJAR,HARYANA
MAKRAULI,MKLI,HG3,DELHI,NR,ROHTAK,HARYANA
MANDAWALI CHANDER VI,MWC,HG3,DELHI,NR,NORTH EAST,DELHI
MOHANA HARYANA,MOHR,HG3,DELHI,NR,SONIPAT,HARYANA
MUNDKA HALT,MQC,HG3,DELHI,NR,WEST,DELHI
NARA HALT,NARA,HG3,DELHI,NR,PANIPAT,HARYANA
NARAINA VIHAR,NRVR,HG3,DELHI,NR,CENTRAL,DELHI
NUSRATABAD KHARKHARI,NTG,HG3,DELHI,NR,GHAZIABAD,UTTAR PRADESH
PABNAWAJAS MAHINDAR,PBJM,HG3,DELHI,NR,KAITHAL,HARYANA
PALHAWAS,PLHW,HG3,DELHI,NR,REWARI,HARYANA
PANDU PINDARA HALT,PPDE,HG3,DELHI,NR,JIND,HARYANA
PINDARSI HALT,PDS,HG3,DELHI,NR,KURUKSHETRA,HARYANA
PRAGATI MAIDAN,PGMD,HG3,DELHI,NR,CENTRAL,DELHI
QUTABPUR,QTP,HG3,DELHI,NR,REWARI,HARYANA
RABHRA HALT,RBHR,HG3,DELHI,NR,SONIPAT,HARYANA
RAJLU GARHI HALT,RUG,HG3,DELHI,NR,SONIPAT,HARYANA
ROHAD NAGAR,ROHN,HG3,DELHI,NR,JHAJJAR,HARYANA
RUKHI HALT,RKX,HG3,DELHI,NR,SONIPAT,HARYANA
SARDAR PATEL ROAD,SDPR,HG3,DELHI,NR,SOUTH WEST,DELHI
SILA KHERI,SXE,HG3,DELHI,NR,JIND,HARYANA
SILAWAR,SLWR,HG3,DELHI,NR,MUZAFFARNAGAR,UTTAR PRADESH
SONA ARJUNPUR,SNAP,HG3,DELHI,NR,SAHARANPUR,UTTAR PRADESH
SUJRA,SUJR,HG3,DELHI,NR,BAGHPAT,UTTAR PRADESH
SULTANPUR KALIAWAS,STKW,HG3,DELHI,NR,GURUGRAM,HARYANA
SUNDERPUR BARAHKALAN,SPBK,HG3,DELHI,NR,ROHTAK,HARYANA
SUNEHRA,SFA,HG3,DELHI,NR,BAGHPAT,UTTAR PRADESH
TAJ NAGAR,TNJR,HG3,DELHI,NR,GURUGRAM,HARYANA
USMANPUR DEHAT HALT,UPRD,HG3,DELHI,NR,SHAMLI,UTTAR PRADESH
DELHI JN.,DLI,NSG1,DELHI,NR,NORTH,DELHI
HAZRAT NIZAMUDDIN JN,NZM,NSG1,DELHI,NR,SOUTH,DELHI
NEW DELHI,NDLS,NSG1,DELHI,NR,CENTRAL,DELHI
ANAND VIHAR TERMINAL,ANVT,NSG2,DELHI,NR,NORTH EAST,DELHI
DELHI-SARAI ROHILLA,DEE,NSG2,DELHI,NR,NORTH WEST,DELHI
GHAZIABAD JN.,GZB,NSG2,DELHI,NR,GHAZIABAD,UTTAR PRADESH
SONIPAT,SNP,NSG2,DELHI,NR,SONIPAT,HARYANA
DELHI CANTT.,DEC,NSG3,DELHI,NR,SOUTH WEST,DELHI
DELHI-SHAHDARA JN.,DSA,NSG3,DELHI,NR,NORTH EAST,DELHI
FARIDABAD,FDB,NSG3,DELHI,NR,FARIDABAD,HARYANA
GURGAON,GGN,NSG3,DELHI,NR,GURUGRAM,HARYANA
MEERUT CITY JN.,MTC,NSG3,DELHI,NR,MEERUT,UTTAR PRADESH
MUZAFFARNAGAR,MOZ,NSG3,DELHI,NR,MUZAFFARNAGAR,UTTAR PRADESH
PALWAL,PWL,NSG3,DELHI,NR,FARIDABAD,HARYANA
PANIPAT JN.,PNP,NSG3,DELHI,NR,PANIPAT,HARYANA
ROHTAK JN.,ROK,NSG3,DELHI,NR,ROHTAK,HARYANA
BAHADURGARH,BGZ,NSG4,DELHI,NR,JHAJJAR,HARYANA
BALLABGARH,BVH,NSG4,DELHI,NR,FARIDABAD,HARYANA
BARAUT,BTU,NSG4,DELHI,NR,BAGHPAT,UTTAR PRADESH
FARIDABAD NEW TOWN,FDN,NSG4,DELHI,NR,FARIDABAD,HARYANA
GANAUR,GNU,NSG4,DELHI,NR,SONIPAT,HARYANA
KARNAL,KUN,NSG4,DELHI,NR,KARNAL,HARYANA
KURUKSHETRA JN.,KKDE,NSG4,DELHI,NR,KURUKSHETRA,HARYANA
MODINAGAR,MDNR,NSG4,DELHI,NR,GHAZIABAD,UTTAR PRADESH
NANGLOI,NNO,NSG4,DELHI,NR,WEST,DELHI
NARELA,NUR,NSG4,DELHI,NR,NORTH WEST,DELHI
NOLI,NOLI,NSG4,DELHI,NR,GHAZIABAD,UTTAR PRADESH
PALAM,PM,NSG4,DELHI,NR,SOUTH WEST,DELHI
PATAUDI ROAD,PTRD,NSG4,DELHI,NR,GURUGRAM,HARYANA
SADAR BAZAR,DSB,NSG4,DELHI,NR,NORTH,DELHI
SAHIBABAD,SBB,NSG4,DELHI,NR,GHAZIABAD,UTTAR PRADESH
SHAKUR BASTI,SSB,NSG4,DELHI,NR,NORTH WEST,DELHI
TUGALAKABAD,TKD,NSG4,DELHI,NR,SOUTH,DELHI
ADARSH NAGAR DELHI,ANDI,NSG5,DELHI,NR,NORTH,DELHI
ASAOTI,AST,NSG5,DELHI,NR,FARIDABAD,HARYANA
BADLI,BHD,NSG5,DELHI,NR,NORTH WEST,DELHI
BAGHPAT ROAD,BPM,NSG5,DELHI,NR,BAGHPAT,UTTAR PRADESH
BUDHLADA,BLZ,NSG5,DELHI,NR,MANSA,PUNJAB
DELHI-KISHANGANJ,DKZ,NSG5,DELHI,NR,NORTH,DELHI
DELHI-SAFDAR JANG,DSJ,NSG5,DELHI,NR,SOUTH WEST,DELHI
DEOBAND,DBD,NSG5,DELHI,NR,SAHARANPUR,UTTAR PRADESH
GARHI HARSARU JN.,GHH,NSG5,DELHI,NR,GURUGRAM,HARYANA
JAKHAL JN.,JHL,NSG5,DELHI,NR,FATEHABAD,HARYANA
JIND JN.,JIND,NSG5,DELHI,NR,JIND,HARYANA
JULANA,JNA,NSG5,DELHI,NR,JIND,HARYANA
KAITHAL,KLE,NSG5,DELHI,NR,KAITHAL,HARYANA
KHATAULI,KAT,NSG5,DELHI,NR,MUZAFFARNAGAR,UTTAR PRADESH
KHEKRA,KEX,NSG5,DELHI,NR,BAGHPAT,UTTAR PRADESH
MANSA,MSZ,NSG5,DELHI,NR,MANSA,PUNJAB
MAUR,MAUR,NSG5,DELHI,NR,BATHINDA,PUNJAB
MEERUT CANT,MUT,NSG5,DELHI,NR,MEERUT,UTTAR PRADESH
MURADNAGAR,MUD,NSG5,DELHI,NR,GHAZIABAD,UTTAR PRADESH
NARWANA JN.,NRW,NSG5,DELHI,NR,JIND,HARYANA
OKHLA,OKA,NSG5,DELHI,NR,SOUTH EAST,DELHI
SAMALKHA,SMK,NSG5,DELHI,NR,PANIPAT,HARYANA
SAMPLA,SPZ,NSG5,DELHI,NR,JHAJJAR,HARYANA
SHAMLI,SMQL,NSG5,DELHI,NR,SHAMLI,UTTAR PRADESH
SHIVAJI BRIDGE,CSB,NSG5,DELHI,NR,CENTRAL,DELHI
SUBZI MANDI,SZM,NSG5,DELHI,NR,NORTH,DELHI
TAPRI JN.,TPZ,NSG5,DELHI,NR,SAHARANPUR,UTTAR PRADESH
TILAK BRIDGE,TKJ,NSG5,DELHI,NR,CENTRAL,DELHI
TOHANA,TUN,NSG5,DELHI,NR,FATEHABAD,HARYANA
VIVEK VIHAR,VVB,NSG5,DELHI,NR,NORTH EAST,DELHI
AMIN,AMIN,NSG6,DELHI,NR,KURUKSHETRA,HARYANA
ASAUDAH,ASE,NSG6,DELHI,NR,JHAJJAR,HARYANA
ASTHAL BOHAR,ABO,NSG6,DELHI,NR,ROHTAK,HARYANA
BABARPUR,BBDE,NSG6,DELHI,NR,PANIPAT,HARYANA
BAMANHERI,BMHR,NSG6,DELHI,NR,MUZAFFARNAGAR,UTTAR PRADESH
BARETA,BRZ,NSG6,DELHI,NR,MANSA,PUNJAB
BARSOLA,BZO,NSG6,DELHI,NR,JIND,HARYANA
BASAI DHANKOT,BDXT,NSG6,DELHI,NR,GURUGRAM,HARYANA
BAZIDA JATAN,BZJT,NSG6,DELHI,NR,KARNAL,HARYANA
BHAINI KHURD,BZK,NSG6,DELHI,NR,KARNAL,HARYANA
BHODWAL MAJRI,BDMJ,NSG6,DELHI,NR,PANIPAT,HARYANA
BIJWASAN,BWSN,NSG6,DELHI,NR,SOUTH WEST,DELHI
BISHANPUR HARYANA,BSPH,NSG6,DELHI,NR,JIND,HARYANA
BRAR SQUARE,BRSQ,NSG6,DELHI,NR,SOUTH WEST,DELHI
DAURALA,DRLA,NSG6,DELHI,NR,MEERUT,UTTAR PRADESH
DAYA BASTI,DBSI,NSG6,DELHI,NR,NORTH,DELHI
DELHI-AZADPUR,DAZ,NSG6,DELHI,NR,NORTH WEST,DELHI
DHAMTAN SAHIB,DTN,NSG6,DELHI,NR,JIND,HARYANA
DHARODI,DHY,NSG6,DELHI,NR,JIND,HARYANA
DHIRPUR,DPP,NSG6,DELHI,NR,KURUKSHETRA,HARYANA
DHODA KHERI,DHKR,NSG6,DELHI,NR,KURUKSHETRA,HARYANA
DHOLA MAJRA,DHMZ,NSG6,DELHI,NR,KURUKSHETRA,HARYANA
DIWANA,DWNA,NSG6,DELHI,NR,PANIPAT,HARYANA
DOBH BAHALI,DBHL,NSG6,DELHI,NR,ROHTAK,HARYANA
FARUKHNAGAR,FN,NSG6,DELHI,NR,GURUGRAM,HARYANA
GHARAUNDA,GRA,NSG6,DELHI,NR,KARNAL,HARYANA
GHASO,GSO,NSG6,DELHI,NR,JIND,HARYANA
GHEVRA,GHE,NSG6,DELHI,NR,WEST,DELHI
GOHANA,GHNA,NSG6,DELHI,NR,SONIPAT,HARYANA
GULDHAR,GUH,NSG6,DELHI,NR,GHAZIABAD,UTTAR PRADESH
HIMMATPURA,HMQ,NSG6,DELHI,NR,FATEHABAD,HARYANA
HIND,HIND,NSG6,DELHI,NR,SHAMLI,UTTAR PRADESH
HOLAMBI KALAN,HUK,NSG6,DELHI,NR,NORTH WEST,DELHI
INCHHAPURI,IHP,NSG6,DELHI,NR,GURUGRAM,HARYANA
ISMAILA HARYANA,ISM,NSG6,DELHI,NR,ROHTAK,HARYANA
JAI JAI WANTI,JJT,NSG6,DELHI,NR,JIND,HARYANA
JARAUDA NARA,JDW,NSG6,DELHI,NR,MUZAFFARNAGAR,UTTAR PRADESH
JATAULA JORI SAMPKA,JSKA,NSG6,DELHI,NR,GURUGRAM,HARYANA
JHAJJAR,JHJ,NSG6,DELHI,NR,JHAJJAR,HARYANA
JIND CITY,JCY,NSG6,DELHI,NR,JIND,HARYANA
KALAYAT,KIY,NSG6,DELHI,NR,KAITHAL,HARYANA
KANDHLA,KQL,NSG6,DELHI,NR,SHAMLI,UTTAR PRADESH
KARAINTHI,KHV,NSG6,DELHI,NR,ROHTAK,HARYANA
KATAR SINGH WALA,KZW,NSG6,DELHI,NR,BATHINDA,PUNJAB
KHALILPUR,KIP,NSG6,DELHI,NR,GURUGRAM,HARYANA
KHARAWAR,KRZ,NSG6,DELHI,NR,ROHTAK,HARYANA
KHERA KALAN,KHKN,NSG6,DELHI,NR,NORTH WEST,DELHI
KHUKRANA,KURN,NSG6,DELHI,NR,PANIPAT,HARYANA
KILA ZAFARGARH,KZH,NSG6,DELHI,NR,JIND,HARYANA
KINANA,KIU,NSG6,DELHI,NR,JIND,HARYANA
KOT FATEH,KTF,NSG6,DELHI,NR,BATHINDA,PUNJAB
LAJPAT NAGAR,LPNR,NSG6,DELHI,NR,SOUTH,DELHI
MADLAUDA,MLDE,NSG6,DELHI,NR,PANIPAT,HARYANA
MAISAR KHANA,MASK,NSG6,DELHI,NR,BATHINDA,PUNJAB
MANANI,MNZ,NSG6,DELHI,NR,SAHARANPUR,UTTAR PRADESH
MANGOLPURI,MGLP,NSG6,DELHI,NR,NORTH WEST,DELHI
MANSURPUR,MSP,NSG6,DELHI,NR,MUZAFFARNAGAR,UTTAR PRADESH
MOHIUDDINPUR,MUZ,NSG6,DELHI,NR,MEERUT,UTTAR PRADESH
MOHRI,MOY,NSG6,DELHI,NR,AMBALA,HARYANA
MUDLANA,MDLA,NSG6,DELHI,NR,SONIPAT,HARYANA
NAGAL,NGL,NSG6,DELHI,NR,SAHARANPUR,UTTAR PRADESH
NANAUTA,NNX,NSG6,DELHI,NR,SAHARANPUR,UTTAR PRADESH
NARINDARPURA,NPX,NSG6,DELHI,NR,MANSA,PUNJAB
NAULTHA,NLH,NSG6,DELHI,NR,PANIPAT,HARYANA
NAYA GHAZIABAD,GZN,NSG6,DELHI,NR,GHAZIABAD,UTTAR PRADESH
NILOKHERI,NLKR,NSG6,DELHI,NR,KARNAL,HARYANA
PABLI KHAS,PQY,NSG6,DELHI,NR,MEERUT,UTTAR PRADESH
PARTAPUR,PRTP,NSG6,DELHI,NR,MEERUT,UTTAR PRADESH
PATEL NAGAR,PTNR,NSG6,DELHI,NR,CENTRAL,DELHI
PATLI,PT,NSG6,DELHI,NR,GURUGRAM,HARYANA
PEHOWA ROAD,PHWR,NSG6,DELHI,NR,KURUKSHETRA,HARYANA
PILU KHERA,PKDE,NSG6,DELHI,NR,JIND,HARYANA
QASIMPUR KHERI,KPKI,NSG6,DELHI,NR,BAGHPAT,UTTAR PRADESH
RAMPUR MANIHARAN,RPMN,NSG6,DELHI,NR,SAHARANPUR,UTTAR PRADESH
RATHDHANA,RDDE,NSG6,DELHI,NR,SONIPAT,HARYANA
ROHANA KALAN,RNA,NSG6,DELHI,NR,MUZAFFARNAGAR,UTTAR PRADESH
SADDA SINGHWALA,SSZ,NSG6,DELHI,NR,MANSA,PUNJAB
SAFIDON,SFDE,NSG6,DELHI,NR,JIND,HARYANA
SAJUMA,SJM,NSG6,DELHI,NR,KAITHAL,HARYANA
SAKHOTI TANDA,SKF,NSG6,DELHI,NR,MEERUT,UTTAR PRADESH
SAMAR GOPALPUR,SMF,NSG6,DELHI,NR,ROHTAK,HARYANA
SANDAL KALAN,SLKN,NSG6,DELHI,NR,SONIPAT,HARYANA
SAROJINI NAGAR,SOJ,NSG6,DELHI,NR,SOUTH,DELHI
SEWA NAGAR,SWNR,NSG6,DELHI,NR,SOUTH,DELHI
SHAHABAD MARKANDA,SHDM,NSG6,DELHI,NR,KURUKSHETRA,HARYANA
SHAHABAD MUHAMMADPUR,SMDP,NSG6,DELHI,NR,SOUTH WEST,DELHI
SIWAHA,SWDE,NSG6,DELHI,NR,JIND,HARYANA
TALHERI BAZURG,THJ,NSG6,DELHI,NR,SAHARANPUR,UTTAR PRADESH
TARAORI,TRR,NSG6,DELHI,NR,KARNAL,HARYANA
THANA BHAWAN,THBN,NSG6,DELHI,NR,SHAMLI,UTTAR PRADESH
THANESAR CITY,TNDE,NSG6,DELHI,NR,KURUKSHETRA,HARYANA
TIK,TIK,NSG6,DELHI,NR,KAITHAL,HARYANA
UCHANA,UCA,NSG6,DELHI,NR,JIND,HARYANA
BAJALTA,BLA,HG2,FEROZPUR,NR,JAMMU,JAMMU AND KASHMIR
D.A.V. COLLEGE JALAN,DAVJ,HG2,FEROZPUR,NR,FAZILKA,PUNJAB
GHAL KALAN,GKX,HG2,FEROZPUR,NR,MOGA,PUNJAB
HILLAR SHAHABAD HALT,HRSB,HG2,FEROZPUR,NR,ANANTNAG,JAMMU AND KASHMIR
JHAWAR HALT,JHWR,HG2,FEROZPUR,NR,GURDASPUR,PUNJAB
TALLI SAIDA SAHU,TSS,HG2,FEROZPUR,NR,FIROZEPUR,PUNJAB
AJIT GILL MATTA HALT,AJTM,HG3,FEROZPUR,NR,FARIDKOT,PUNJAB
BABA BAKALA RAIYA,BBKR,HG3,FEROZPUR,NR,AMRITSAR,PUNJAB
BADHAI BALAMGARH HAL,BDBG,HG3,FEROZPUR,NR,SRI MUKTSAR SAHIB,PUNJAB
BAHMNIWALA,BVW,HG3,FEROZPUR,NR,FAZILKA,PUNJAB
BALLE-DA-PIR-LARATH,BLDL,HG3,FEROZPUR,NR,KANGRA,HIMACHAL PRADESH
BARYAL HIMACHAL,BRHL,HG3,FEROZPUR,NR,KANGRA,HIMACHAL PRADESH
BATALA SUGAR MILLS,BATM,HG3,FEROZPUR,NR,GURDASPUR,PUNJAB
BHAGSAR,BSGR,HG3,FEROZPUR,NR,SRI MUKTSAR SAHIB,PUNJAB
BOPARAI HALT,BXO,HG3,FEROZPUR,NR,TARN TARAN,PUNJAB
BURJ MOHAR,BJMA,HG3,FEROZPUR,NR,FAZILKA,PUNJAB
BUTEWALA,BWF,HG3,FEROZPUR,NR,FIROZEPUR,PUNJAB
CHAK PAKHEWALA,CKA,HG3,FEROZPUR,NR,FAZILKA,PUNJAB
CHAK-RAKHWAL,CRWL,HG3,FEROZPUR,NR,UDHAMPUR,JAMMU AND KASHMIR
CHAMUNDA MARG,CMMG,HG3,FEROZPUR,NR,KANGRA,HIMACHAL PRADESH
CHAREWAN HALT,CWN,HG3,FEROZPUR,NR,SRI MUKTSAR SAHIB,PUNJAB
D.A.V.COLLEGE JALALA,DAVC,HG3,FEROZPUR,NR,FAZILKA,PUNJAB
DHINDSA,DDK,HG3,FEROZPUR,NR,FIROZEPUR,PUNJAB
DODH,DODH,HG3,FEROZPUR,NR,FIROZEPUR,PUNJAB
DUDWINDI,DDY,HG3,FEROZPUR,NR,KAPURTHALA,PUNJAB
GHALLU,GHLU,HG3,FEROZPUR,NR,FAZILKA,PUNJAB
GUMTALI,GTQ,HG3,FEROZPUR,NR,JALANDHAR,PUNJAB
JAND WALA,JWKA,HG3,FEROZPUR,NR,FAZILKA,PUNJAB
JHABELWALI,JBW,HG3,FEROZPUR,NR,SRI MUKTSAR SAHIB,PUNJAB
JOGIWALA,JGW,HG3,FEROZPUR,NR,FIROZEPUR,PUNJAB
KANDWAL,KAWL,HG3,FEROZPUR,NR,KANGRA,HIMACHAL PRADESH
KANG KHURD,KGKD,HG3,FEROZPUR,NR,JALANDHAR,PUNJAB
KARIHA HALT,KYY,HG3,FEROZPUR,NR,SHAHID BHAGAT SINGH NAGAR,PUNJAB
KHADUR SAHIB HALT,KDSB,HG3,FEROZPUR,NR,TARN TARAN,PUNJAB
KHAI PHEMEKI,KIQ,HG3,FEROZPUR,NR,FIROZEPUR,PUNJAB
KULTHAM ABDULLA SHAH,KASH,HG3,FEROZPUR,NR,SHAHID BHAGAT SINGH NAGAR,PUNJAB
LUNSU HALT,LNS,HG3,FEROZPUR,NR,KANGRA,HIMACHAL PRADESH
LYALPUR KHALSA COLLE,LKK,HG3,FEROZPUR,NR,JALANDHAR,PUNJAB
MAHANGARWAL DOABA,MGWD,HG3,FEROZPUR,NR,HOSHIARPUR,PUNJAB
MAHESHRI SANDHUAN,MSSD,HG3,FEROZPUR,NR,FIROZEPUR,PUNJAB
MAJHAIRAN HIMACHAL,MNHL,HG3,FEROZPUR,NR,KANGRA,HIMACHAL PRADESH
MAJITHA,MJTA,HG3,FEROZPUR,NR,AMRITSAR,PUNJAB
MULEWAL KHAIHRA,MLKH,HG3,FEROZPUR,NR,JALANDHAR,PUNJAB
PARAO MAHNA,PMH,HG3,FEROZPUR,NR,MOGA,PUNJAB
PAROR,PRAR,HG3,FEROZPUR,NR,KANGRA,HIMACHAL PRADESH
PATTI RAJPURA HALT,PTRJ,HG3,FEROZPUR,NR,KANGRA,HIMACHAL PRADESH
PIPLI PAKHI KALAN,PKZ,HG3,FEROZPUR,NR,FARIDKOT,PUNJAB
RAIL COACH FACTORY,RCF,HG3,FEROZPUR,NR,KAPURTHALA,PUNJAB
RATAR CHHATTAR,RCR,HG3,FEROZPUR,NR,GURDASPUR,PUNJAB
RATTOKE GURDWARA HAL,RKG,HG3,FEROZPUR,NR,TARN TARAN,PUNJAB
RURE ASAL HALT,RRAL,HG3,FEROZPUR,NR,TARN TARAN,PUNJAB
SAIDPUR JALALABAD,SPJB,HG3,FEROZPUR,NR,TARN TARAN,PUNJAB
SARNA,SRM,HG3,FEROZPUR,NR,PATHANKOT,PUNJAB
SATNAUR BADESRON,SNB,HG3,FEROZPUR,NR,HOSHIARPUR,PUNJAB
SIDHWAN,SWG,HG3,FEROZPUR,NR,JALANDHAR,PUNJAB
SINDHAR,SDZ,HG3,FEROZPUR,NR,JALANDHAR,PUNJAB
SULHANI,SULH,HG3,FEROZPUR,NR,FIROZEPUR,PUNJAB
THEH QALANDAR,TQL,HG3,FEROZPUR,NR,FAZILKA,PUNJAB
TRIPAL,TRPL,HG3,FEROZPUR,NR,KANGRA,HIMACHAL PRADESH
WANDER JATANA,WDJ,HG3,FEROZPUR,NR,FARIDKOT,PUNJAB
AMRITSAR JN.,ASR,NSG2,FEROZPUR,NR,AMRITSAR,PUNJAB
JALANDHAR CITY JN.,JUC,NSG2,FEROZPUR,NR,KAPURTHALA,PUNJAB
JAMMU TAWI,JAT,NSG2,FEROZPUR,NR,JAMMU,JAMMU AND KASHMIR
LUDHIANA JN.,LDH,NSG2,FEROZPUR,NR,LUDHIANA,PUNJAB
BEAS JN,BEAS,NSG3,FEROZPUR,NR,AMRITSAR,PUNJAB
FIROZPUR CANTT. JN.,FZR,NSG3,FEROZPUR,NR,FIROZEPUR,PUNJAB
JALANDHAR CANTT. JN.,JRC,NSG3,FEROZPUR,NR,JALANDHAR,PUNJAB
PATHANKOT CANTT,PTKC,NSG3,FEROZPUR,NR,PATHANKOT,PUNJAB
PHAGWARA JN.,PGW,NSG3,FEROZPUR,NR,KAPURTHALA,PUNJAB
SHRI MATA VAISHNO DEVI KATRA,SVDK,NSG3,FEROZPUR,NR,REASI,JAMMU AND KASHMIR
PATHANKOT JN.,PTK,NSG4,FEROZPUR,NR,PATHANKOT,PUNJAB
UDHAMPUR,UHP,NSG4,FEROZPUR,NR,UDHAMPUR,JAMMU AND KASHMIR
ANANTNAG,ANT,NSG5,FEROZPUR,NR,ANANTNAG,JAMMU AND KASHMIR
BATALA JN.,BAT,NSG5,FEROZPUR,NR,GURDASPUR,PUNJAB
DASUA,DZA,NSG5,FEROZPUR,NR,HOSHIARPUR,PUNJAB
DHANDARI KALAN,DDL,NSG5,FEROZPUR,NR,LUDHIANA,PUNJAB
DHARIWAL,DHW,NSG5,FEROZPUR,NR,GURDASPUR,PUNJAB
DINANAGAR,DNN,NSG5,FEROZPUR,NR,GURDASPUR,PUNJAB
FARIDKOT,FDK,NSG5,FEROZPUR,NR,FARIDKOT,PUNJAB
FAZILKA JN.,FKA,NSG5,FEROZPUR,NR,FAZILKA,PUNJAB
GANGSAR JAITU,GJUT,NSG5,FEROZPUR,NR,FARIDKOT,PUNJAB
GURDASPUR,GSP,NSG5,FEROZPUR,NR,GURDASPUR,PUNJAB
HOSHIARPUR,HSX,NSG5,FEROZPUR,NR,HOSHIARPUR,PUNJAB
KAPURTHALA,KXH,NSG5,FEROZPUR,NR,KAPURTHALA,PUNJAB
KARTARPUR,KRE,NSG5,FEROZPUR,NR,JALANDHAR,PUNJAB
KATHUA,KTHU,NSG5,FEROZPUR,NR,KATHUA,JAMMU AND KASHMIR
KOT KAPURA JN.,KKP,NSG5,FEROZPUR,NR,FARIDKOT,PUNJAB
LOHIAN KHAS JN.,LNK,NSG5,FEROZPUR,NR,JALANDHAR,PUNJAB
MAKHU,MXH,NSG5,FEROZPUR,NR,FIROZEPUR,PUNJAB
MUKERIAN,MEX,NSG5,FEROZPUR,NR,HOSHIARPUR,PUNJAB
MUKTSAR,MKS,NSG5,FEROZPUR,NR,SRI MUKTSAR SAHIB,PUNJAB
NAKODAR JN.,NRO,NSG5,FEROZPUR,NR,JALANDHAR,PUNJAB
PHILLAUR JN.,PHR,NSG5,FEROZPUR,NR,JALANDHAR,PUNJAB
SAMBA,SMBX,NSG5,FEROZPUR,NR,SAMBA,JAMMU AND KASHMIR
AHJU,AHJU,NSG6,FEROZPUR,NR,MANDI,HIMACHAL PRADESH
AJITWAL,AJL,NSG6,FEROZPUR,NR,MOGA,PUNJAB
ALAWAL PUR,AWL,NSG6,FEROZPUR,NR,JALANDHAR,PUNJAB
ATARI JN.,ATT,NSG6,FEROZPUR,NR,AMRITSAR,PUNJAB
AWANTIPURA,ATPA,NSG6,FEROZPUR,NR,PULWAMA,JAMMU AND KASHMIR
BADDOWAL,BWZ,NSG6,FEROZPUR,NR,LUDHIANA,PUNJAB
BAHRAM,BHM,NSG6,FEROZPUR,NR,SHAHID BHAGAT SINGH NAGAR,PUNJAB
BAIJNATH PAPROLA,BJPL,NSG6,FEROZPUR,NR,KANGRA,HIMACHAL PRADESH
BANGA,BXB,NSG6,FEROZPUR,NR,SHAHID BHAGAT SINGH NAGAR,PUNJAB
BANIHAL,BAHL,NSG6,FEROZPUR,NR,RAMBAN,JAMMU AND KASHMIR
BARAMULLA,BRML,NSG6,FEROZPUR,NR,BARAMULLA,JAMMU AND KASHMIR
BARI BRAHMAN,BBMN,NSG6,FEROZPUR,NR,JAMMU,JAMMU AND KASHMIR
BARIWALA,BRW,NSG6,FEROZPUR,NR,SRI MUKTSAR SAHIB,PUNJAB
BHAGTANWALA,BGTN,NSG6,FEROZPUR,NR,AMRITSAR,PUNJAB
BHANGALA,BNGL,NSG6,FEROZPUR,NR,HOSHIARPUR,PUNJAB
BHARMAR,BRMR,NSG6,FEROZPUR,NR,KANGRA,HIMACHAL PRADESH
BHAROLI,BHRL,NSG6,FEROZPUR,NR,PATHANKOT,PUNJAB
BHOGPUR SIRWAL,BPRS,NSG6,FEROZPUR,NR,JALANDHAR,PUNJAB
BIJBAHERA,BJBA,NSG6,FEROZPUR,NR,ANANTNAG,JAMMU AND KASHMIR
BILGA,BZG,NSG6,FEROZPUR,NR,JALANDHAR,PUNJAB
BOLINNA DOABA,BLND,NSG6,FEROZPUR,NR,JALANDHAR,PUNJAB
BUDGAM,BDGM,NSG6,FEROZPUR,NR,BUDGAM,JAMMU AND KASHMIR
BUDHI,BDHY,NSG6,FEROZPUR,NR,KATHUA,JAMMU AND KASHMIR
BUTARI,BTR,NSG6,FEROZPUR,NR,AMRITSAR,PUNJAB
CHAK BANWALA,CKLA,NSG6,FEROZPUR,NR,FAZILKA,PUNJAB
CHAKDAYALA,CKDL,NSG6,FEROZPUR,NR,KATHUA,JAMMU AND KASHMIR
CHAND BHAN,CBX,NSG6,FEROZPUR,NR,BATHINDA,PUNJAB
CHAUKI MAN,CKM,NSG6,FEROZPUR,NR,LUDHIANA,PUNJAB
CHHAN ARORIAN,CHNR,NSG6,FEROZPUR,NR,KATHUA,JAMMU AND KASHMIR
CHHEHARTA,CIA,NSG6,FEROZPUR,NR,AMRITSAR,PUNJAB
CHHINA,CHN,NSG6,FEROZPUR,NR,GURDASPUR,PUNJAB
CHIHERU,CEU,NSG6,FEROZPUR,NR,KAPURTHALA,PUNJAB
CHOLANG,CGH,NSG6,FEROZPUR,NR,HOSHIARPUR,PUNJAB
CHURI WALA,CWDA,NSG6,FEROZPUR,NR,FAZILKA,PUNJAB
DAGRU,DAU,NSG6,FEROZPUR,NR,MOGA,PUNJAB
DALHOUSI ROAD,DLSR,NSG6,FEROZPUR,NR,PATHANKOT,PUNJAB
DERABABA NANAK,DBNK,NSG6,FEROZPUR,NR,GURDASPUR,PUNJAB
DHILWAN,DIW,NSG6,FEROZPUR,NR,KAPURTHALA,PUNJAB
FATEHGARH CHURIAN,FGCN,NSG6,FEROZPUR,NR,GURDASPUR,PUNJAB
FEROZESHAH,PHS,NSG6,FEROZPUR,NR,FIROZEPUR,PUNJAB
FIROZPUR CITY JN.,FZP,NSG6,FEROZPUR,NR,FIROZEPUR,PUNJAB
GARHSHANKAR,GSR,NSG6,FEROZPUR,NR,HOSHIARPUR,PUNJAB
GARNA SAHIB,GSB,NSG6,FEROZPUR,NR,HOSHIARPUR,PUNJAB
GHAGWAL,GHGL,NSG6,FEROZPUR,NR,SAMBA,JAMMU AND KASHMIR
GHARYALA,GYL,NSG6,FEROZPUR,NR,TARN TARAN,PUNJAB
GHIALA,GILA,NSG6,FEROZPUR,NR,PATHANKOT,PUNJAB
GIANI ZAIL SINGH SAN,GZS,NSG6,FEROZPUR,NR,FARIDKOT,PUNJAB
GIDARPINDI,GOD,NSG6,FEROZPUR,NR,JALANDHAR,PUNJAB
GOINDWAL SAHIB HALT,GWSB,NSG6,FEROZPUR,NR,TARN TARAN,PUNJAB
GOLEHWALA,GHA,NSG6,FEROZPUR,NR,FARIDKOT,PUNJAB
GONEANA B JAGTA,GNA,NSG6,FEROZPUR,NR,BATHINDA,PUNJAB
GORAYA,GRY,NSG6,FEROZPUR,NR,JALANDHAR,PUNJAB
GULER,GULR,NSG6,FEROZPUR,NR,KANGRA,HIMACHAL PRADESH
GURU HARSAHAI,GHS,NSG6,FEROZPUR,NR,FIROZEPUR,PUNJAB
HAMIRA,HMR,NSG6,FEROZPUR,NR,KAPURTHALA,PUNJAB
HAMRE,HME,NSG6,FEROZPUR,NR,BARAMULLA,JAMMU AND KASHMIR
HARDORAWAL,HDWL,NSG6,FEROZPUR,NR,GURDASPUR,PUNJAB
HARSAR DEHRI,HRDR,NSG6,FEROZPUR,NR,KANGRA,HIMACHAL PRADESH
HIRA NAGAR,HRNR,NSG6,FEROZPUR,NR,KATHUA,JAMMU AND KASHMIR
HUSAINPUR,HSQ,NSG6,FEROZPUR,NR,KAPURTHALA,PUNJAB
JAGRAON,JGN,NSG6,FEROZPUR,NR,LUDHIANA,PUNJAB
JAIJON DOABA,JJJ,NSG6,FEROZPUR,NR,HOSHIARPUR,PUNJAB
JAINTIPURA,JNT,NSG6,FEROZPUR,NR,AMRITSAR,PUNJAB
JAKOLARI,JK,NSG6,FEROZPUR,NR,PATHANKOT,PUNJAB
JALALABAD,JBD,NSG6,FEROZPUR,NR,FAZILKA,PUNJAB
JAMSHER KHAS,JME,NSG6,FEROZPUR,NR,JALANDHAR,PUNJAB
JANDIALA,JNL,NSG6,FEROZPUR,NR,AMRITSAR,PUNJAB
JAWALAMUKHI ROAD,JMKR,NSG6,FEROZPUR,NR,KANGRA,HIMACHAL PRADESH
JAWANWALA SHAHR,JWLS,NSG6,FEROZPUR,NR,KANGRA,HIMACHAL PRADESH
JHOK TAHAL SINGH,JTH,NSG6,FEROZPUR,NR,FIROZEPUR,PUNJAB
JIWA ARAIN,JWN,NSG6,FEROZPUR,NR,FIROZEPUR,PUNJAB
JOGINDER NAGAR,JDNX,NSG6,FEROZPUR,NR,MANDI,HIMACHAL PRADESH
KAIRON,KCZ,NSG6,FEROZPUR,NR,TARN TARAN,PUNJAB
KAKAPORA,KAPE,NSG6,FEROZPUR,NR,PULWAMA,JAMMU AND KASHMIR
KALA BAKRA,KKL,NSG6,FEROZPUR,NR,JALANDHAR,PUNJAB
KANDRORI,KNDI,NSG6,FEROZPUR,NR,KANGRA,HIMACHAL PRADESH
KANGRA,KGRA,NSG6,FEROZPUR,NR,KANGRA,HIMACHAL PRADESH
KANGRA MANDIR,KGMR,NSG6,FEROZPUR,NR,KANGRA,HIMACHAL PRADESH
KASU BEGU,KBU,NSG6,FEROZPUR,NR,FIROZEPUR,PUNJAB
KATHUNANGAL,KNG,NSG6,FEROZPUR,NR,AMRITSAR,PUNJAB
KHASA,KSA,NSG6,FEROZPUR,NR,AMRITSAR,PUNJAB
KHATKAR KALAN JHANDA,KHHJ,NSG6,FEROZPUR,NR,SHAHID BHAGAT SINGH NAGAR,PUNJAB
KHEM KARAN,KEMK,NSG6,FEROZPUR,NR,TARN TARAN,PUNJAB
KHOJEWALA,KWJ,NSG6,FEROZPUR,NR,JALANDHAR,PUNJAB
KHUDDA KORALA,KZX,NSG6,FEROZPUR,NR,HOSHIARPUR,PUNJAB
KHUI KHERA,KUKA,NSG6,FEROZPUR,NR,FAZILKA,PUNJAB
KHURDPUR,KUPR,NSG6,FEROZPUR,NR,JALANDHAR,PUNJAB
KOHAR SINGH WALA,KRSW,NSG6,FEROZPUR,NR,FIROZEPUR,PUNJAB
KOPARLAHAR,KPLR,NSG6,FEROZPUR,NR,KANGRA,HIMACHAL PRADESH
LADHOWAL,LDW,NSG6,FEROZPUR,NR,LUDHIANA,PUNJAB
LADHUKA,LDK,NSG6,FEROZPUR,NR,FAZILKA,PUNJAB
LAKHEWALI,LKW,NSG6,FEROZPUR,NR,SRI MUKTSAR SAHIB,PUNJAB
MADHOPUR PUNJAB,MDPB,NSG6,FEROZPUR,NR,PATHANKOT,PUNJAB
MAHALAM,MFM,NSG6,FEROZPUR,NR,FIROZEPUR,PUNJAB
MALLANWALA KHAS,MWX,NSG6,FEROZPUR,NR,FIROZEPUR,PUNJAB
MALSIAN SHAHKOT,MQS,NSG6,FEROZPUR,NR,JALANDHAR,PUNJAB
MALUPOTA,MXP,NSG6,FEROZPUR,NR,SHAHID BHAGAT SINGH NAGAR,PUNJAB
MANANWALA,MOW,NSG6,FEROZPUR,NR,AMRITSAR,PUNJAB
MANWAL,MNVL,NSG6,FEROZPUR,NR,JAMMU,JAMMU AND KASHMIR
MAZHOM,MZMA,NSG6,FEROZPUR,NR,BUDGAM,JAMMU AND KASHMIR
MEGHRAJPURA,MGRP,NSG6,FEROZPUR,NR,KANGRA,HIMACHAL PRADESH
MIRTHAL,MRTL,NSG6,FEROZPUR,NR,PATHANKOT,PUNJAB
MODELGRAM,MG,NSG6,FEROZPUR,NR,LUDHIANA,PUNJAB
MOGA,MOGA,NSG6,FEROZPUR,NR,MOGA,PUNJAB
MULLANPUR,MLX,NSG6,FEROZPUR,NR,LUDHIANA,PUNJAB
NAGROTA,NGRT,NSG6,FEROZPUR,NR,KANGRA,HIMACHAL PRADESH
NAGROTA SURIYAN,NGRS,NSG6,FEROZPUR,NR,KANGRA,HIMACHAL PRADESH
NANAKSAR,NNKR,NSG6,FEROZPUR,NR,LUDHIANA,PUNJAB
NANDPUR BHATAULI,NDBT,NSG6,FEROZPUR,NR,KANGRA,HIMACHAL PRADESH
NASRALA,NAS,NSG6,FEROZPUR,NR,HOSHIARPUR,PUNJAB
NAWASHAHR DOABA JN.,NSS,NSG6,FEROZPUR,NR,SHAHID BHAGAT SINGH NAGAR,PUNJAB
NURMAHAL,NRM,NSG6,FEROZPUR,NR,JALANDHAR,PUNJAB
NURPUR ROAD,NUPR,NSG6,FEROZPUR,NR,KANGRA,HIMACHAL PRADESH
PAJIAN,PJA,NSG6,FEROZPUR,NR,KAPURTHALA,PUNJAB
PALAMPUR HIMACHAL,PLMX,NSG6,FEROZPUR,NR,KANGRA,HIMACHAL PRADESH
PAMPORE,PMPE,NSG6,FEROZPUR,NR,PULWAMA,JAMMU AND KASHMIR
PANCH RUKHI,PHRH,NSG6,FEROZPUR,NR,KANGRA,HIMACHAL PRADESH
PANJGAM,PJGM,NSG6,FEROZPUR,NR,ANANTNAG,JAMMU AND KASHMIR
PARMANAND,PMQ,NSG6,FEROZPUR,NR,PATHANKOT,PUNJAB
PARTABPURA,PPB,NSG6,FEROZPUR,NR,JALANDHAR,PUNJAB
PATTAN,PTTN,NSG6,FEROZPUR,NR,BARAMULLA,JAMMU AND KASHMIR
PATTI,PAX,NSG6,FEROZPUR,NR,TARN TARAN,PUNJAB
QADIAN,QDN,NSG6,FEROZPUR,NR,GURDASPUR,PUNJAB
QUAZIGUND,QG,NSG6,FEROZPUR,NR,ANANTNAG,JAMMU AND KASHMIR
RAHON,RHU,NSG6,FEROZPUR,NR,SHAHID BHAGAT SINGH NAGAR,PUNJAB
RAMDAS,RDS,NSG6,FEROZPUR,NR,GURDASPUR,PUNJAB
RAMNAGAR(J-K),RMJK,NSG6,FEROZPUR,NR,UDHAMPUR,JAMMU AND KASHMIR
ROMANA ALBEL SINGH,RLS,NSG6,FEROZPUR,NR,FARIDKOT,PUNJAB
RORANWALA,RRW,NSG6,FEROZPUR,NR,FAZILKA,PUNJAB
SADURA,SDUA,NSG6,FEROZPUR,NR,ANANTNAG,JAMMU AND KASHMIR
SAIDANWALA,SWX,NSG6,FEROZPUR,NR,FIROZEPUR,PUNJAB
SAILA KHURD,SQJ,NSG6,FEROZPUR,NR,HOSHIARPUR,PUNJAB
SAMLOTI,SMLT,NSG6,FEROZPUR,NR,KANGRA,HIMACHAL PRADESH
SANAHWAL,SNL,NSG6,FEROZPUR,NR,LUDHIANA,PUNJAB
SANGAR,SGR,NSG6,FEROZPUR,NR,JAMMU,JAMMU AND KASHMIR
SHAM CHAURASI,SCQ,NSG6,FEROZPUR,NR,JALANDHAR,PUNJAB
SHANKAR,SQK,NSG6,FEROZPUR,NR,JALANDHAR,PUNJAB
SOHAL,SOHL,NSG6,FEROZPUR,NR,GURDASPUR,PUNJAB
SOPORE,SXZM,NSG6,FEROZPUR,NR,BARAMULLA,JAMMU AND KASHMIR
SRINAGAR,SINA,NSG6,FEROZPUR,NR,SRINAGAR,JAMMU AND KASHMIR
SUCHIPIND HALT,SCPD,NSG6,FEROZPUR,NR,JALANDHAR,PUNJAB
SUJANPUR,SJNP,NSG6,FEROZPUR,NR,PATHANKOT,PUNJAB
SULAH HIMACHAL PRADE,SLHP,NSG6,FEROZPUR,NR,KANGRA,HIMACHAL PRADESH
SULTANPUR LODI,SQR,NSG6,FEROZPUR,NR,KAPURTHALA,PUNJAB
SURA NUSSI,SRX,NSG6,FEROZPUR,NR,JALANDHAR,PUNJAB
TALARA,TLRA,NSG6,FEROZPUR,NR,KANGRA,HIMACHAL PRADESH
TALWANDI,TWB,NSG6,FEROZPUR,NR,FIROZEPUR,PUNJAB
TANDA-URMAR,TDO,NSG6,FEROZPUR,NR,HOSHIARPUR,PUNJAB
TANGRA,TRA,NSG6,FEROZPUR,NR,AMRITSAR,PUNJAB
TARN TARAN,TTO,NSG6,FEROZPUR,NR,TARN TARAN,PUNJAB
THABALKE,TYK,NSG6,FEROZPUR,NR,JALANDHAR,PUNJAB
UNCHI BASSI,UCB,NSG6,FEROZPUR,NR,HOSHIARPUR,PUNJAB
VALTOHA,WLA,NSG6,FEROZPUR,NR,TARN TARAN,PUNJAB
VERKA JN.,VKA,NSG6,FEROZPUR,NR,AMRITSAR,PUNJAB
VIJAYPUR JAMMU,VJPJ,NSG6,FEROZPUR,NR,SAMBA,JAMMU AND KASHMIR
BARSATHI,BSY,HG2,LUCKNOW,NR,JAUNPUR,UTTAR PRADESH
DWARKAGANJ,DWJ,HG2,LUCKNOW,NR,SULTANPUR,UTTAR PRADESH
JARAUNA,JUA,HG2,LUCKNOW,NR,JAUNPUR,UTTAR PRADESH
ACHAL GANJ,ACH,HG3,LUCKNOW,NR,UNNAO,UTTAR PRADESH
BAHAI HALT,BYQ,HG3,LUCKNOW,NR,RAE BARELI,UTTAR PRADESH
BAISWARA,BSWA,HG3,LUCKNOW,NR,UNNAO,UTTAR PRADESH
BAND HAMIRPUR,BAHP,HG3,LUCKNOW,NR,UNNAO,UTTAR PRADESH
BARARA BUZURG,BRRZ,HG3,LUCKNOW,NR,RAE BARELI,UTTAR PRADESH
BHANAUR,VNN,HG3,LUCKNOW,NR,JAUNPUR,UTTAR PRADESH
BHUPIA MAU,VPO,HG3,LUCKNOW,NR,PRATAPGARH,UTTAR PRADESH
CHANDA HALT,CHDA,HG3,LUCKNOW,NR,SULTANPUR,UTTAR PRADESH
CHAURE BAZAR,CHBR,HG3,LUCKNOW,NR,AYODHYA,UTTAR PRADESH
DAYALPUR,DLPR,HG3,LUCKNOW,NR,PRAYAGRAJ,UTTAR PRADESH
DHIRGANJ,DHRJ,HG3,LUCKNOW,NR,PRATAPGARH,UTTAR PRADESH
INDEMAU,IDM,HG3,LUCKNOW,NR,UNNAO,UTTAR PRADESH
ISHARDASPUR,IDS,HG3,LUCKNOW,NR,RAE BARELI,UTTAR PRADESH
KAJGAON TERHWAN HALT,KJTW,HG3,LUCKNOW,NR,JAUNPUR,UTTAR PRADESH
KATWAR BAZAR,KWBR,HG3,LUCKNOW,NR,JAUNPUR,UTTAR PRADESH
KORARI,KURO,HG3,LUCKNOW,NR,UNNAO,UTTAR PRADESH
KULHA HALT,KULH,HG3,LUCKNOW,NR,UNNAO,UTTAR PRADESH
MALETHU KANAK,MEQ,HG3,LUCKNOW,NR,AYODHYA,UTTAR PRADESH
MANIKALAN HALT,MNKN,HG3,LUCKNOW,NR,JAUNPUR,UTTAR PRADESH
MANJHLEPUR,MNJR,HG3,LUCKNOW,NR,RAE BARELI,UTTAR PRADESH
NIHASTA HALT,NHF,HG3,LUCKNOW,NR,RAE BARELI,UTTAR PRADESH
NIMA GOPALPUR HALT,NIMG,HG3,LUCKNOW,NR,PRATAPGARH,UTTAR PRADESH
PINDRA ROAD,PDRD,HG3,LUCKNOW,NR,VARANASI,UTTAR PRADESH
RADHA BALAMPUR,RDV,HG3,LUCKNOW,NR,RAE BARELI,UTTAR PRADESH
RAM CHANDERPUR,RCP,HG3,LUCKNOW,NR,RAE BARELI,UTTAR PRADESH
RAMGANJ,RMGJ,HG3,LUCKNOW,NR,AMETHI,UTTAR PRADESH
SAHAJIPUR HALT,SHJP,HG3,LUCKNOW,NR,AMETHI,UTTAR PRADESH
SALKHAPUR,SAF,HG3,LUCKNOW,NR,JAUNPUR,UTTAR PRADESH
SHUDNIPUR,SPPR,HG3,LUCKNOW,NR,JAUNPUR,UTTAR PRADESH
SURAJKUNDA,SRJK,HG3,LUCKNOW,NR,RAE BARELI,UTTAR PRADESH
TIKAULI RAWATPUR,TKRP,HG3,LUCKNOW,NR,UNNAO,UTTAR PRADESH
WARIGAON NEWADA HALT,WRGN,HG3,LUCKNOW,NR,JAUNPUR,UTTAR PRADESH
WARISGANJ HALT,WGJ,HG3,LUCKNOW,NR,AMETHI,UTTAR PRADESH
LUCKNOW JN.,LKO,NSG2,LUCKNOW,NR,LUCKNOW,UTTAR PRADESH
VARANASI JN.,BSB,NSG2,LUCKNOW,NR,VARANASI,UTTAR PRADESH
AKBARPUR JN.,ABP,NSG3,LUCKNOW,NR,AMBEDKAR NAGAR,UTTAR PRADESH
AYODHYA CANTT,AYC,NSG3,LUCKNOW,NR,AYODHYA,UTTAR PRADESH
FAIZABAD JN.,FD,NSG3,LUCKNOW,NR,AYODHYA,UTTAR PRADESH
JAUNPUR JN.,JNU,NSG3,LUCKNOW,NR,JAUNPUR,UTTAR PRADESH
PARTAPGARH JN.,PBH,NSG3,LUCKNOW,NR,PRATAPGARH,UTTAR PRADESH
RAE BARELI JN.,RBL,NSG3,LUCKNOW,NR,RAE BARELI,UTTAR PRADESH
SHAHGANJ JN.,SHG,NSG3,LUCKNOW,NR,JAUNPUR,UTTAR PRADESH
SULTANPUR JN.,SLN,NSG3,LUCKNOW,NR,SULTANPUR,UTTAR PRADESH
AMETHI,AME,NSG4,LUCKNOW,NR,AMETHI,UTTAR PRADESH
AYODHYA,AY,NSG4,LUCKNOW,NR,AYODHYA,UTTAR PRADESH
BARABANKI JN.,BBK,NSG4,LUCKNOW,NR,BARABANKI,UTTAR PRADESH
BHADOHI,BOY,NSG4,LUCKNOW,NR,BHADOHI,UTTAR PRADESH
JANGHAI JN.,JNH,NSG4,LUCKNOW,NR,JAUNPUR,UTTAR PRADESH
JAUNPUR CITY,JOP,NSG4,LUCKNOW,NR,JAUNPUR,UTTAR PRADESH
PRAYAG JN.,PRG,NSG4,LUCKNOW,NR,PRAYAGRAJ,UTTAR PRADESH
UNNAO JN.,ON,NSG4,LUCKNOW,NR,UNNAO,UTTAR PRADESH
ALAM NAGAR,AMG,NSG5,LUCKNOW,NR,LUCKNOW,UTTAR PRADESH
BACHHRAWN,BCN,NSG5,LUCKNOW,NR,RAE BARELI,UTTAR PRADESH
BADSHAHPUR,BSE,NSG5,LUCKNOW,NR,JAUNPUR,UTTAR PRADESH
DARYABAD,DYD,NSG5,LUCKNOW,NR,BARABANKI,UTTAR PRADESH
GAURIGANJ,GNG,NSG5,LUCKNOW,NR,AMETHI,UTTAR PRADESH
GOSHAINGANJ,GGJ,NSG5,LUCKNOW,NR,AYODHYA,UTTAR PRADESH
JAIS,JAIS,NSG5,LUCKNOW,NR,AMETHI,UTTAR PRADESH
KASHI,KEI,NSG5,LUCKNOW,NR,VARANASI,UTTAR PRADESH
KUNDA HARNAMGANJ,KHNM,NSG5,LUCKNOW,NR,PRATAPGARH,UTTAR PRADESH
LALGANJ,LLJ,NSG5,LUCKNOW,NR,RAE BARELI,UTTAR PRADESH
LALGOPALGANJ,LGO,NSG5,LUCKNOW,NR,PRATAPGARH,UTTAR PRADESH
LAMBHUA,LBA,NSG5,LUCKNOW,NR,SULTANPUR,UTTAR PRADESH
MALIPUR,MLPR,NSG5,LUCKNOW,NR,AMBEDKAR NAGAR,UTTAR PRADESH
MARIAHU,MAY,NSG5,LUCKNOW,NR,JAUNPUR,UTTAR PRADESH
MUSAFIRKHANA,MFKA,NSG5,LUCKNOW,NR,AMETHI,UTTAR PRADESH
NIHALGARH,NHH,NSG5,LUCKNOW,NR,AMETHI,UTTAR PRADESH
PHAPHAMAU JN.,PFM,NSG5,LUCKNOW,NR,PRAYAGRAJ,UTTAR PRADESH
PHULPUR,PLP,NSG5,LUCKNOW,NR,PRAYAGRAJ,UTTAR PRADESH
RUDAULI,RDL,NSG5,LUCKNOW,NR,AYODHYA,UTTAR PRADESH
SRI KRISHNA NAGAR,SKN,NSG5,LUCKNOW,NR,JAUNPUR,UTTAR PRADESH
SURIAWAN,SAW,NSG5,LUCKNOW,NR,BHADOHI,UTTAR PRADESH
UNCHAHAR JN.,UCR,NSG5,LUCKNOW,NR,RAE BARELI,UTTAR PRADESH
ZAFARABAD JN.,ZBD,NSG5,LUCKNOW,NR,JAUNPUR,UTTAR PRADESH
ACHARYA NARENDRA DEV,ACND,NSG6,LUCKNOW,NR,AYODHYA,UTTAR PRADESH
ADHINPUR,AHZ,NSG6,LUCKNOW,NR,AMETHI,UTTAR PRADESH
AJGAIN,AJ,NSG6,LUCKNOW,NR,UNNAO,UTTAR PRADESH
AKBAR GANJ,AKJ,NSG6,LUCKNOW,NR,AMETHI,UTTAR PRADESH
AMAUSI,AMS,NSG6,LUCKNOW,NR,LUCKNOW,UTTAR PRADESH
ANTU,ANTU,NSG6,LUCKNOW,NR,PRATAPGARH,UTTAR PRADESH
ANUPGANJ,APG,NSG6,LUCKNOW,NR,LUCKNOW,UTTAR PRADESH
ATRAMPUR,ARP,NSG6,LUCKNOW,NR,PRAYAGRAJ,UTTAR PRADESH
BABATPUR,BTP,NSG6,LUCKNOW,NR,VARANASI,UTTAR PRADESH
BAKHSHA,BKSA,NSG6,LUCKNOW,NR,JAUNPUR,UTTAR PRADESH
BAKKAS,BKKS,NSG6,LUCKNOW,NR,LUCKNOW,UTTAR PRADESH
BANDHUA KALAN,BDKN,NSG6,LUCKNOW,NR,SULTANPUR,UTTAR PRADESH
BANI,BANI,NSG6,LUCKNOW,NR,RAE BARELI,UTTAR PRADESH
BARAGAON,BNM,NSG6,LUCKNOW,NR,AYODHYA,UTTAR PRADESH
BARYA RAM,BYHA,NSG6,LUCKNOW,NR,PRAYAGRAJ,UTTAR PRADESH
BHADAIYAN,BDIN,NSG6,LUCKNOW,NR,SULTANPUR,UTTAR PRADESH
BHADRI,BHDR,NSG6,LUCKNOW,NR,PRATAPGARH,UTTAR PRADESH
BHARATKUND,BTKD,NSG6,LUCKNOW,NR,AYODHYA,UTTAR PRADESH
BIGHAPUR,BQP,NSG6,LUCKNOW,NR,UNNAO,UTTAR PRADESH
BILHAR GHAT,BLG,NSG6,LUCKNOW,NR,AYODHYA,UTTAR PRADESH
BILWAI,BWI,NSG6,LUCKNOW,NR,SULTANPUR,UTTAR PRADESH
BIRAPATTI,BRPT,NSG6,LUCKNOW,NR,VARANASI,UTTAR PRADESH
BISHNATH GANJ,BTJ,NSG6,LUCKNOW,NR,PRATAPGARH,UTTAR PRADESH
CHAUBISI,CHBS,NSG6,LUCKNOW,NR,BARABANKI,UTTAR PRADESH
CHAUKHANDI,CHH,NSG6,LUCKNOW,NR,VARANASI,UTTAR PRADESH
CHHANDRAULI,CDRL,NSG6,LUCKNOW,NR,BARABANKI,UTTAR PRADESH
CHILBILA JN.,CIL,NSG6,LUCKNOW,NR,PRATAPGARH,UTTAR PRADESH
DALMAU JN.,DMW,NSG6,LUCKNOW,NR,RAE BARELI,UTTAR PRADESH
DANDUPUR,DND,NSG6,LUCKNOW,NR,PRATAPGARH,UTTAR PRADESH
DARSHANNAGAR,DRG,NSG6,LUCKNOW,NR,AYODHYA,UTTAR PRADESH
DARYAPUR,DYP,NSG6,LUCKNOW,NR,RAE BARELI,UTTAR PRADESH
DEORAKOT,DELO,NSG6,LUCKNOW,NR,AYODHYA,UTTAR PRADESH
FURSATGANJ,FTG,NSG6,LUCKNOW,NR,AMETHI,UTTAR PRADESH
GANGAGANJ,GANG,NSG6,LUCKNOW,NR,RAE BARELI,UTTAR PRADESH
GARHI MANIKPUR,GRMR,NSG6,LUCKNOW,NR,PRATAPGARH,UTTAR PRADESH
GAURA,GRX,NSG6,LUCKNOW,NR,PRATAPGARH,UTTAR PRADESH
GAURIYAMAU,GMU,NSG6,LUCKNOW,NR,AYODHYA,UTTAR PRADESH
HAIDERGARH,HGH,NSG6,LUCKNOW,NR,BARABANKI,UTTAR PRADESH
HARAUNI,HRN,NSG6,LUCKNOW,NR,LUCKNOW,UTTAR PRADESH
HARCHANDPUR,HCP,NSG6,LUCKNOW,NR,RAE BARELI,UTTAR PRADESH
HARPALGANJ,HRPG,NSG6,LUCKNOW,NR,JAUNPUR,UTTAR PRADESH
JAFARGANJ,JFG,NSG6,LUCKNOW,NR,AMBEDKAR NAGAR,UTTAR PRADESH
JAGESHARGANJ,JGJ,NSG6,LUCKNOW,NR,PRATAPGARH,UTTAR PRADESH
JAITIPUR,JTU,NSG6,LUCKNOW,NR,UNNAO,UTTAR PRADESH
JALALGANJ,JLL,NSG6,LUCKNOW,NR,JAUNPUR,UTTAR PRADESH
JALALPUR-DHAI,JPD,NSG6,LUCKNOW,NR,RAE BARELI,UTTAR PRADESH
JUGAUR,JRR,NSG6,LUCKNOW,NR,LUCKNOW,UTTAR PRADESH
KANKAHA,KKAH,NSG6,LUCKNOW,NR,LUCKNOW,UTTAR PRADESH
KANPUR LEFT BANK BRIDGE,CPB,NSG6,LUCKNOW,NR,UNNAO,UTTAR PRADESH
KAPSETHI,KEH,NSG6,LUCKNOW,NR,VARANASI,UTTAR PRADESH
KASIMPUR HALT,KCJ,NSG6,LUCKNOW,NR,AMETHI,UTTAR PRADESH
KATAHRI,KTHE,NSG6,LUCKNOW,NR,AMBEDKAR NAGAR,UTTAR PRADESH
KHAJURHAT,KJA,NSG6,LUCKNOW,NR,AYODHYA,UTTAR PRADESH
KHALISPUR,KSF,NSG6,LUCKNOW,NR,VARANASI,UTTAR PRADESH
KHETA SARAI,KS,NSG6,LUCKNOW,NR,JAUNPUR,UTTAR PRADESH
KHUNDAUR,KDF,NSG6,LUCKNOW,NR,PRATAPGARH,UTTAR PRADESH
KOIRIPUR,KEPR,NSG6,LUCKNOW,NR,SULTANPUR,UTTAR PRADESH
KUNDANGANJ,KVG,NSG6,LUCKNOW,NR,RAE BARELI,UTTAR PRADESH
KURBHAR,KBE,NSG6,LUCKNOW,NR,SULTANPUR,UTTAR PRADESH
KUSUMBHI,KVX,NSG6,LUCKNOW,NR,UNNAO,UTTAR PRADESH
LACHHMANPUR,LMN,NSG6,LUCKNOW,NR,RAE BARELI,UTTAR PRADESH
LOHTA,LOT,NSG6,LUCKNOW,NR,VARANASI,UTTAR PRADESH
MAA BRAHI Devi DHAM,MBDD,NSG6,LUCKNOW,NR,PRATAPGARH,UTTAR PRADESH
MAGARWARA,MGW,NSG6,LUCKNOW,NR,UNNAO,UTTAR PRADESH
MAHARANI PACHCHIM,MWP,NSG6,LUCKNOW,NR,SULTANPUR,UTTAR PRADESH
MAHGAWAN HALT,MGWN,NSG6,LUCKNOW,NR,JAUNPUR,UTTAR PRADESH
MALHOUR,ML,NSG6,LUCKNOW,NR,LUCKNOW,UTTAR PRADESH
MANAK NAGAR,MKG,NSG6,LUCKNOW,NR,LUCKNOW,UTTAR PRADESH
MASODHA,MSOD,NSG6,LUCKNOW,NR,AYODHYA,UTTAR PRADESH
MAU AIMMA,MEM,NSG6,LUCKNOW,NR,PRAYAGRAJ,UTTAR PRADESH
MIHRAWAN,MIH,NSG6,LUCKNOW,NR,JAUNPUR,UTTAR PRADESH
MISHRAULI,MFL,NSG6,LUCKNOW,NR,AMETHI,UTTAR PRADESH
MOHANLALGANJ,MLJ,NSG6,LUCKNOW,NR,LUCKNOW,UTTAR PRADESH
MONDH,MOF,NSG6,LUCKNOW,NR,BHADOHI,UTTAR PRADESH
NIBHAPUR,NBP,NSG6,LUCKNOW,NR,JAUNPUR,UTTAR PRADESH
NIGOHAN,NHN,NSG6,LUCKNOW,NR,LUCKNOW,UTTAR PRADESH
PAKHRAULI,PKX,NSG6,LUCKNOW,NR,SULTANPUR,UTTAR PRADESH
PARIAWAN KALAKANKAR,PQN,NSG6,LUCKNOW,NR,PRATAPGARH,UTTAR PRADESH
PARSIPUR,PRF,NSG6,LUCKNOW,NR,BHADOHI,UTTAR PRADESH
PATRANGA,PTH,NSG6,LUCKNOW,NR,AYODHYA,UTTAR PRADESH
PIPARPUR,PPU,NSG6,LUCKNOW,NR,AMETHI,UTTAR PRADESH
PIPARSAND,POF,NSG6,LUCKNOW,NR,LUCKNOW,UTTAR PRADESH
PIRTHIGANJ,PHV,NSG6,LUCKNOW,NR,PRATAPGARH,UTTAR PRADESH
PRAYAGRAJ SANGAM,PYGS,NSG6,LUCKNOW,NR,PRAYAGRAJ,UTTAR PRADESH
RAGHURAJ SINGH,RRS,NSG6,LUCKNOW,NR,RAE BARELI,UTTAR PRADESH
RAHMAT NAGAR,RMNR,NSG6,LUCKNOW,NR,LUCKNOW,UTTAR PRADESH
RAM CHAURA ROAD,RMC,NSG6,LUCKNOW,NR,PRAYAGRAJ,UTTAR PRADESH
RASAULI,RES,NSG6,LUCKNOW,NR,BARABANKI,UTTAR PRADESH
RAUZAGAON,RZN,NSG6,LUCKNOW,NR,AYODHYA,UTTAR PRADESH
RUPAMAU,RUM,NSG6,LUCKNOW,NR,RAE BARELI,UTTAR PRADESH
SAFDARGANJ,SGJ,NSG6,LUCKNOW,NR,BARABANKI,UTTAR PRADESH
SAFEDABAD,SFH,NSG6,LUCKNOW,NR,BARABANKI,UTTAR PRADESH
SAIDKHANPUR,SYK,NSG6,LUCKNOW,NR,BARABANKI,UTTAR PRADESH
SALARPUR,SLRP,NSG6,LUCKNOW,NR,AYODHYA,UTTAR PRADESH
SARAI CHANDI,SYC,NSG6,LUCKNOW,NR,PRAYAGRAJ,UTTAR PRADESH
SARAI GOPAL,SPGL,NSG6,LUCKNOW,NR,PRAYAGRAJ,UTTAR PRADESH
SARAI HARKHU,SVZ,NSG6,LUCKNOW,NR,JAUNPUR,UTTAR PRADESH
SARAI KANSRAI,SQN,NSG6,LUCKNOW,NR,BHADOHI,UTTAR PRADESH
SARKONI,SIQ,NSG6,LUCKNOW,NR,JAUNPUR,UTTAR PRADESH
SEWAPURI,SWPR,NSG6,LUCKNOW,NR,VARANASI,UTTAR PRADESH
SHIUPUR,SOP,NSG6,LUCKNOW,NR,VARANASI,UTTAR PRADESH
SHIVNAGAR,SHNG,NSG6,LUCKNOW,NR,SULTANPUR,UTTAR PRADESH
SHRIRAJNAGAR,SAGR,NSG6,LUCKNOW,NR,RAE BARELI,UTTAR PRADESH
SINDURWA,SYW,NSG6,LUCKNOW,NR,AMETHI,UTTAR PRADESH
SIWAITH,SWE,NSG6,LUCKNOW,NR,PRAYAGRAJ,UTTAR PRADESH
SOHWAL,SLW,NSG6,LUCKNOW,NR,AYODHYA,UTTAR PRADESH
SONIK,SIC,NSG6,LUCKNOW,NR,UNNAO,UTTAR PRADESH
SUWANSA,SWS,NSG6,LUCKNOW,NR,PRATAPGARH,UTTAR PRADESH
TAKIA,TQA,NSG6,LUCKNOW,NR,UNNAO,UTTAR PRADESH
TALAKHAJURI,TLKH,NSG6,LUCKNOW,NR,SULTANPUR,UTTAR PRADESH
THARWAI,THW,NSG6,LUCKNOW,NR,PRAYAGRAJ,UTTAR PRADESH
TRILOCHAN MAHADEO,TLMD,NSG6,LUCKNOW,NR,JAUNPUR,UTTAR PRADESH
TRIVEDIGANJ,TEG,NSG6,LUCKNOW,NR,BARABANKI,UTTAR PRADESH
TULSI NAGAR HALT,TLGR,NSG6,LUCKNOW,NR,SULTANPUR,UTTAR PRADESH
UBARNI,UBN,NSG6,LUCKNOW,NR,RAE BARELI,UTTAR PRADESH
UGRASENPUR,URPR,NSG6,LUCKNOW,NR,PRAYAGRAJ,UTTAR PRADESH
ULNA BHARI,ULN,NSG6,LUCKNOW,NR,AYODHYA,UTTAR PRADESH
UTRAITIA JN.,UTR,NSG6,LUCKNOW,NR,LUCKNOW,UTTAR PRADESH
VYASANAGAR,VYN,NSG6,LUCKNOW,NR,CHANDAULI,UTTAR PRADESH
ADHYATMIK NAGAR HALT,AKNR,HG3,MORADABAD,NR,GHAZIABAD,UTTAR PRADESH
AMHERA HALT,ARH,HG3,MORADABAD,NR,BIJNOR,UTTAR PRADESH
ARSENI,ASI,HG3,MORADABAD,NR,HARDOI,UTTAR PRADESH
ATWA KURSATH,ATKS,HG3,MORADABAD,NR,HARDOI,UTTAR PRADESH
ATWA MUTHIA HALT,ATW,HG3,MORADABAD,NR,HARDOI,UTTAR PRADESH
BAGARPUR HALT,BGRR,HG3,MORADABAD,NR,BIJNOR,UTTAR PRADESH
BAHADURPUR,BHDH,HG3,MORADABAD,NR,SHAHJAHANPUR,UTTAR PRADESH
BAKAINA HALT,BKNA,HG3,MORADABAD,NR,BIJNOR,UTTAR PRADESH
BARADEV,BRDV,HG3,MORADABAD,NR,UNNAO,UTTAR PRADESH
BHAKRAULI,BHKL,HG3,MORADABAD,NR,SAMBHAL,UTTAR PRADESH
BURMI HALT,BRMX,HG3,MORADABAD,NR,SITAPUR,UTTAR PRADESH
CHAKKALI LAI HALT,CKLT,HG3,MORADABAD,NR,AMROHA,UTTAR PRADESH
CHANDSARA HALT,CXA,HG3,MORADABAD,NR,MEERUT,UTTAR PRADESH
CHAPRAWAT HALT,CHWT,HG3,MORADABAD,NR,BULANDSHAHR,UTTAR PRADESH
CHUCHELA KALAN HALT,CLKN,HG3,MORADABAD,NR,AMROHA,UTTAR PRADESH
DHARAMPUR HALT,DMPR,HG3,MORADABAD,NR,BULANDSHAHR,UTTAR PRADESH
FARHANTNAGAR,FRH,HG3,MORADABAD,NR,HARDOI,UTTAR PRADESH
FARHEDI HALT,FRD,HG3,MORADABAD,NR,MORADABAD,UTTAR PRADESH
FATEHPUR CHAURASI,FTC,HG3,MORADABAD,NR,UNNAO,UTTAR PRADESH
GAJU HALT,GAJU,HG3,MORADABAD,NR,HARDOI,UTTAR PRADESH
GANJ MURADABAD,GJMB,HG3,MORADABAD,NR,UNNAO,UTTAR PRADESH
GAUNTRA,GNTR,HG3,MORADABAD,NR,HARDOI,UTTAR PRADESH
GHAUSGANJ,GSGJ,HG3,MORADABAD,NR,HARDOI,UTTAR PRADESH
GHORI HALT,GHRI,HG3,MORADABAD,NR,SITAPUR,UTTAR PRADESH
GODHA,GDHA,HG3,MORADABAD,NR,ALIGARH,UTTAR PRADESH
JHALRA HALT,JHH,HG3,MORADABAD,NR,BIJNOR,UTTAR PRADESH
KAILI,KALI,HG3,MORADABAD,NR,MEERUT,UTTAR PRADESH
KARNA,KAR,HG3,MORADABAD,NR,HARDOI,UTTAR PRADESH
KASTLA-KASMABAD HALT,KKMB,HG3,MORADABAD,NR,GHAZIABAD,UTTAR PRADESH
KHARI - JHALU,KJLU,HG3,MORADABAD,NR,BIJNOR,UTTAR PRADESH
KUAKHERA HALT,KZS,HG3,MORADABAD,NR,MORADABAD,UTTAR PRADESH
MAJHAULA HALT,MJHL,HG3,MORADABAD,NR,SAMBHAL,UTTAR PRADESH
METHI TIKUR,METR,HG3,MORADABAD,NR,UNNAO,UTTAR PRADESH
NERI,NERI,HG3,MORADABAD,NR,SITAPUR,UTTAR PRADESH
NURNAGAR HALT,NRNR,HG3,MORADABAD,NR,MEERUT,UTTAR PRADESH
PATHAKPUR,PHX,HG3,MORADABAD,NR,SAMBHAL,UTTAR PRADESH
PATIYARA,PTYR,HG3,MORADABAD,NR,UNNAO,UTTAR PRADESH
PURWA KHERA,PRKE,HG3,MORADABAD,NR,BUDAUN,UTTAR PRADESH
SHAHJAHANPUR KUTCHERY,SXK,HG3,MORADABAD,NR,SHAHJAHANPUR,UTTAR PRADESH
SHARMA HALT,SHRM,HG3,MORADABAD,NR,HARDOI,UTTAR PRADESH
SHERPUR,SEPR,HG3,MORADABAD,NR,AMROHA,UTTAR PRADESH
SIRSI MUKHDUMPUR,SRMP,HG3,MORADABAD,NR,SAMBHAL,UTTAR PRADESH
SISAUNA,SISN,HG3,MORADABAD,NR,BIJNOR,UTTAR PRADESH
Sitapur Kutchery Halt,STRK,HG3,MORADABAD,NR,SITAPUR,UTTAR PRADESH
SUAHERI HALT,SXQ,HG3,MORADABAD,NR,BIJNOR,UTTAR PRADESH
SUNEHTI KHARKHARI HA,SNKE,HG3,MORADABAD,NR,MORADABAD,UTTAR PRADESH
SUNMAI HALT,SUNM,HG3,MORADABAD,NR,ALIGARH,UTTAR PRADESH
UGU,UGU,HG3,MORADABAD,NR,UNNAO,UTTAR PRADESH
HARIDWAR JN.,HW,NSG2,MORADABAD,NR,HARIDWAR,UTTARAKHAND
BAREILLY JN.,BE,NSG3,MORADABAD,NR,BAREILLY,UTTAR PRADESH
DEHRA DUN,DDN,NSG3,MORADABAD,NR,DEHRADUN,UTTARAKHAND
HARDOI,HRI,NSG3,MORADABAD,NR,HARDOI,UTTAR PRADESH
MORADABAD JN.,MB,NSG3,MORADABAD,NR,MORADABAD,UTTAR PRADESH
ROORKEE,RK,NSG3,MORADABAD,NR,HARIDWAR,UTTARAKHAND
SHAHJAHANPUR JN.,SPN,NSG3,MORADABAD,NR,SHAHJAHANPUR,UTTAR PRADESH
AMROHA,AMRO,NSG4,MORADABAD,NR,AMROHA,UTTAR PRADESH
CHANDAUSI JN.,CH,NSG4,MORADABAD,NR,SAMBHAL,UTTAR PRADESH
HAPUR JN.,HPU,NSG4,MORADABAD,NR,HAPUR,UTTAR PRADESH
NAJIBABAD JN.,NBD,NSG4,MORADABAD,NR,BIJNOR,UTTAR PRADESH
RAMPUR,RMU,NSG4,MORADABAD,NR,RAMPUR,UTTAR PRADESH
ANJI SHAHABAD,AJI,NSG5,MORADABAD,NR,HARDOI,UTTAR PRADESH
AONLA,AO,NSG5,MORADABAD,NR,BAREILLY,UTTAR PRADESH
BABRALA,BBA,NSG5,MORADABAD,NR,SAMBHAL,UTTAR PRADESH
BALAMAU JN.,BLM,NSG5,MORADABAD,NR,HARDOI,UTTAR PRADESH
BIJNOR,BJO,NSG5,MORADABAD,NR,BIJNOR,UTTAR PRADESH
BISHARATGANJ,BTG,NSG5,MORADABAD,NR,BAREILLY,UTTAR PRADESH
BULANDSHAHR,BSC,NSG5,MORADABAD,NR,BULANDSHAHR,UTTAR PRADESH
CHANDPUR SIAU HALT,CPS,NSG5,MORADABAD,NR,BIJNOR,UTTAR PRADESH
DABTARA,DUB,NSG5,MORADABAD,NR,BUDAUN,UTTAR PRADESH
DHAMPUR .,DPR,NSG5,MORADABAD,NR,BIJNOR,UTTAR PRADESH
GAJRAULA JN.,GJL,NSG5,MORADABAD,NR,AMROHA,UTTAR PRADESH
GARHMUKTESAR,GMS,NSG5,MORADABAD,NR,HAPUR,UTTAR PRADESH
HALDAUR,HLDR,NSG5,MORADABAD,NR,BIJNOR,UTTAR PRADESH
KOTDWARA,KTW,NSG5,MORADABAD,NR,PAURI GARHWAL,UTTARAKHAND
LAKSAR JN.,LRJ,NSG5,MORADABAD,NR,HARIDWAR,UTTARAKHAND
NAGINA,NGG,NSG5,MORADABAD,NR,BIJNOR,UTTAR PRADESH
PILKHUA,PKW,NSG5,MORADABAD,NR,HAPUR,UTTAR PRADESH
PITAMBARPUR,PMR,NSG5,MORADABAD,NR,BAREILLY,UTTAR PRADESH
RAIWALA JN.,RWL,NSG5,MORADABAD,NR,DEHRADUN,UTTARAKHAND
RISHIKESH,RKSH,NSG5,MORADABAD,NR,DEHRADUN,UTTARAKHAND
SANDILA,SAN,NSG5,MORADABAD,NR,HARDOI,UTTAR PRADESH
SEOHARA,SEO,NSG5,MORADABAD,NR,BIJNOR,UTTAR PRADESH
SITAPUR CITY JN,SPC,NSG5,MORADABAD,NR,SITAPUR,UTTAR PRADESH
TILHAR,TLH,NSG5,MORADABAD,NR,SHAHJAHANPUR,UTTAR PRADESH
YOG N RISHIKESH,YNRK,NSG5,MORADABAD,NR,DEHRADUN,UTTARAKHAND
AGHWANPUR,AWP,NSG6,MORADABAD,NR,MORADABAD,UTTAR PRADESH
AIGAWAN,AIG,NSG6,MORADABAD,NR,HARDOI,UTTAR PRADESH
AITHAL,ATMO,NSG6,MORADABAD,NR,HARIDWAR,UTTARAKHAND
ASAFPUR,AFR,NSG6,MORADABAD,NR,BUDAUN,UTTAR PRADESH
ATRAULI ROAD,AUR,NSG6,MORADABAD,NR,ALIGARH,UTTAR PRADESH
BABUGARH,BBO,NSG6,MORADABAD,NR,HAPUR,UTTAR PRADESH
BAGHAULI,BGH,NSG6,MORADABAD,NR,HARDOI,UTTAR PRADESH
BAHJOI,BJ,NSG6,MORADABAD,NR,SAMBHAL,UTTAR PRADESH
BALAWALI,BLW,NSG6,MORADABAD,NR,BIJNOR,UTTAR PRADESH
BALIAKHERI,BAE,NSG6,MORADABAD,NR,SAHARANPUR,UTTAR PRADESH
BANGARMAU,BGMU,NSG6,MORADABAD,NR,UNNAO,UTTAR PRADESH
BANTHRA,BTRA,NSG6,MORADABAD,NR,SHAHJAHANPUR,UTTAR PRADESH
BARAL,BARL,NSG6,MORADABAD,NR,BULANDSHAHR,UTTAR PRADESH
BAREILLY CANTT. Jn.,BRYC,NSG6,MORADABAD,NR,BAREILLY,UTTAR PRADESH
BASI KIRATPUR,BSKR,NSG6,MORADABAD,NR,BIJNOR,UTTAR PRADESH
BEHTAGOKAL,BEG,NSG6,MORADABAD,NR,HARDOI,UTTAR PRADESH
BENIGANJ,BEJ,NSG6,MORADABAD,NR,HARDOI,UTTAR PRADESH
BHITAURA,BTO,NSG6,MORADABAD,NR,BAREILLY,UTTAR PRADESH
BILPUR,BLPU,NSG6,MORADABAD,NR,BAREILLY,UTTAR PRADESH
BUNDKI,BEK,NSG6,MORADABAD,NR,BIJNOR,UTTAR PRADESH
CHAKRAJ MAL,CAJ,NSG6,MORADABAD,NR,BIJNOR,UTTAR PRADESH
CHANDOK,CNK,NSG6,MORADABAD,NR,BIJNOR,UTTAR PRADESH
CHODIALA,CDL,NSG6,MORADABAD,NR,HARIDWAR,UTTARAKHAND
CLUTTERBUCKGANJ,CBJ,NSG6,MORADABAD,NR,BAREILLY,UTTAR PRADESH
DALELNAGAR,DLQ,NSG6,MORADABAD,NR,HARDOI,UTTAR PRADESH
DALPATPUR,DLP,NSG6,MORADABAD,NR,MORADABAD,UTTAR PRADESH
DANDHERA,DNRA,NSG6,MORADABAD,NR,HARIDWAR,UTTARAKHAND
DASNA,DS,NSG6,MORADABAD,NR,GHAZIABAD,UTTAR PRADESH
DAUSNI,DSNI,NSG6,MORADABAD,NR,HARIDWAR,UTTARAKHAND
DHAMORA,DAM,NSG6,MORADABAD,NR,RAMPUR,UTTAR PRADESH
DHANARI,DN,NSG6,MORADABAD,NR,SAMBHAL,UTTAR PRADESH
DHANETA,DAN,NSG6,MORADABAD,NR,BAREILLY,UTTAR PRADESH
DIBAI,DIB,NSG6,MORADABAD,NR,BULANDSHAHR,UTTAR PRADESH
DILAWARNAGAR,DIL,NSG6,MORADABAD,NR,LUCKNOW,UTTAR PRADESH
DOIWALA,DWO,NSG6,MORADABAD,NR,DEHRADUN,UTTARAKHAND
DUGANPUR,DUN,NSG6,MORADABAD,NR,RAMPUR,UTTAR PRADESH
FAZALPUR,FZL,NSG6,MORADABAD,NR,BIJNOR,UTTAR PRADESH
GARHMUKTESAR BRIDGE,GGB,NSG6,MORADABAD,NR,HAPUR,UTTAR PRADESH
GULAOTHI,GLH,NSG6,MORADABAD,NR,BULANDSHAHR,UTTAR PRADESH
GUMTHAL,GTF,NSG6,MORADABAD,NR,SAMBHAL,UTTAR PRADESH
HABIBWALA,HBW,NSG6,MORADABAD,NR,BIJNOR,UTTAR PRADESH
HAFIZPUR,HZR,NSG6,MORADABAD,NR,HAPUR,UTTAR PRADESH
HAKIMPUR,HKP,NSG6,MORADABAD,NR,MORADABAD,UTTAR PRADESH
HARRAWALA,HRW,NSG6,MORADABAD,NR,DEHRADUN,UTTARAKHAND
HARTHALA,HRH,NSG6,MORADABAD,NR,MORADABAD,UTTAR PRADESH
HEMPUR,HMP,NSG6,MORADABAD,NR,SITAPUR,UTTAR PRADESH
IKKAR HALT,IKK,NSG6,MORADABAD,NR,HARIDWAR,UTTARAKHAND
IQBALPUR,IQB,NSG6,MORADABAD,NR,HARIDWAR,UTTARAKHAND
JAHANIKHERA HALT,JKH,NSG6,MORADABAD,NR,HARDOI,UTTAR PRADESH
JARGAON,JRJ,NSG6,MORADABAD,NR,MORADABAD,UTTAR PRADESH
JUNG BAHADURGANJ,JBG,NSG6,MORADABAD,NR,KHERI,UTTAR PRADESH
JWALAPUR,JWP,NSG6,MORADABAD,NR,HARIDWAR,UTTARAKHAND
KAFURPUR,KFPR,NSG6,MORADABAD,NR,AMROHA,UTTAR PRADESH
KAHILIA,KH,NSG6,MORADABAD,NR,SHAHJAHANPUR,UTTAR PRADESH
KAILSA,KIV,NSG6,MORADABAD,NR,AMROHA,UTTAR PRADESH
KAKORI,KKJ,NSG6,MORADABAD,NR,LUCKNOW,UTTAR PRADESH
KANKATHER,KHE,NSG6,MORADABAD,NR,AMROHA,UTTAR PRADESH
KANSRAO,QSR,NSG6,MORADABAD,NR,DEHRADUN,UTTARAKHAND
KANTH,KNT,NSG6,MORADABAD,NR,MORADABAD,UTTAR PRADESH
KARENGI,KEG,NSG6,MORADABAD,NR,BUDAUN,UTTAR PRADESH
KATGHAR,KGF,NSG6,MORADABAD,NR,MORADABAD,UTTAR PRADESH
KAURAH,KUF,NSG6,MORADABAD,NR,HARDOI,UTTAR PRADESH
KHARKHAUDA,KXK,NSG6,MORADABAD,NR,MEERUT,UTTAR PRADESH
KHURJA CITY,KJY,NSG6,MORADABAD,NR,BULANDSHAHR,UTTAR PRADESH
KUCHESAR ROAD,QXR,NSG6,MORADABAD,NR,HAPUR,UTTAR PRADESH
KUNDARKHI,KD,NSG6,MORADABAD,NR,MORADABAD,UTTAR PRADESH
LANDAURA,LDR,NSG6,MORADABAD,NR,HARIDWAR,UTTARAKHAND
LODIPUR BISHENPUR HA,LDP,NSG6,MORADABAD,NR,MORADABAD,UTTAR PRADESH
MACHARIYA,MCV,NSG6,MORADABAD,NR,MORADABAD,UTTAR PRADESH
MADHOGANJ,MAH,NSG6,MORADABAD,NR,HARDOI,UTTAR PRADESH
MAHESRA HALT,MHHR,NSG6,MORADABAD,NR,AMROHA,UTTAR PRADESH
MAHOLI,MAHO,NSG6,MORADABAD,NR,SITAPUR,UTTAR PRADESH
MAHRAULI,MFH,NSG6,MORADABAD,NR,GHAZIABAD,UTTAR PRADESH
MAIKALGANJ,MINJ,NSG6,MORADABAD,NR,KHERI,UTTAR PRADESH
MAKHI,MKHI,NSG6,MORADABAD,NR,UNNAO,UTTAR PRADESH
MALIHABAD,MLD,NSG6,MORADABAD,NR,LUCKNOW,UTTAR PRADESH
MALLANWAN,MLW,NSG6,MORADABAD,NR,HARDOI,UTTAR PRADESH
MANDI DHANAURA,MNDR,NSG6,MORADABAD,NR,AMROHA,UTTAR PRADESH
MASIT,MST,NSG6,MORADABAD,NR,HARDOI,UTTAR PRADESH
MATLABPUR,MTB,NSG6,MORADABAD,NR,MORADABAD,UTTAR PRADESH
MEWA NAWADA,MWE,NSG6,MORADABAD,NR,BIJNOR,UTTAR PRADESH
MILAK,MIL,NSG6,MORADABAD,NR,RAMPUR,UTTAR PRADESH
MIRANPUR KATRA,MK,NSG6,MORADABAD,NR,SHAHJAHANPUR,UTTAR PRADESH
MISRIKH TIRATH,MSTH,NSG6,MORADABAD,NR,SITAPUR,UTTAR PRADESH
MOTICHUR,MOTC,NSG6,MORADABAD,NR,HARIDWAR,UTTARAKHAND
MUAZZAMPUR NARAIN JN,MZM,NSG6,MORADABAD,NR,BIJNOR,UTTAR PRADESH
MUNDHA PANDEY,MPH,NSG6,MORADABAD,NR,MORADABAD,UTTAR PRADESH
MURSHADPUR,MSDR,NSG6,MORADABAD,NR,BIJNOR,UTTAR PRADESH
NAGARIA SADAT,NRS,NSG6,MORADABAD,NR,BAREILLY,UTTAR PRADESH
NAIMISHARANYA,NM,NSG6,MORADABAD,NR,SITAPUR,UTTAR PRADESH
NISOI,NSU,NSG6,MORADABAD,NR,BAREILLY,UTTAR PRADESH
PARSA KHERA,PKRA,NSG6,MORADABAD,NR,BAREILLY,UTTAR PRADESH
PATHRI,PRI,NSG6,MORADABAD,NR,HARIDWAR,UTTARAKHAND
PURAINI,PNI,NSG6,MORADABAD,NR,BIJNOR,UTTAR PRADESH
RAHIMABAD,RBD,NSG6,MORADABAD,NR,LUCKNOW,UTTAR PRADESH
RAISI,RSI,NSG6,MORADABAD,NR,HARIDWAR,UTTARAKHAND
RAJA-KA-SAHASPUR JN.,RJK,NSG6,MORADABAD,NR,MORADABAD,UTTAR PRADESH
RAJGHAT NARORA,RG,NSG6,MORADABAD,NR,BULANDSHAHR,UTTAR PRADESH
RAMGANGA,RGB,NSG6,MORADABAD,NR,BAREILLY,UTTAR PRADESH
RAMKOT,RAK,NSG6,MORADABAD,NR,SITAPUR,UTTAR PRADESH
RASUIYA,RYS,NSG6,MORADABAD,NR,BAREILLY,UTTAR PRADESH
REOTI BAHORA KHERA,RBK,NSG6,MORADABAD,NR,BAREILLY,UTTAR PRADESH
ROZA JN.,RAC,NSG6,MORADABAD,NR,SHAHJAHANPUR,UTTAR PRADESH
SAFIPUR,SFPR,NSG6,MORADABAD,NR,UNNAO,UTTAR PRADESH
SAMBAHAL HATIM SARAI,SHTS,NSG6,MORADABAD,NR,SAMBHAL,UTTAR PRADESH
SANEH ROAD,SNX,NSG6,MORADABAD,NR,BIJNOR,UTTAR PRADESH
SHAHJAD NAGAR,SAR,NSG6,MORADABAD,NR,RAMPUR,UTTAR PRADESH
SIMBHAULI,SMBL,NSG6,MORADABAD,NR,HAPUR,UTTAR PRADESH
SISARKA,SSKA,NSG6,MORADABAD,NR,BUDAUN,UTTAR PRADESH
TISUA,TSA,NSG6,MORADABAD,NR,BAREILLY,UTTAR PRADESH
TODARPUR,TDP,NSG6,MORADABAD,NR,HARDOI,UTTAR PRADESH
UMAR TALI,UTA,NSG6,MORADABAD,NR,HARDOI,UTTAR PRADESH
UNCHAULIA,UCH,NSG6,MORADABAD,NR,KHERI,UTTAR PRADESH
VIRBHADRA HALT,VRH,NSG6,MORADABAD,NR,DEHRADUN,UTTARAKHAND
SAMRALA,SMRL,HG2,AMBALA,NR,LUDHIANA,PUNJAB
TANDWAL,TDW,HG2,AMBALA,NR,AMBALA,HARYANA
BAHAWAL BASI,BFE,HG3,AMBALA,NR,FAZILKA,PUNJAB
BAHMAN DIWANA,BWX,HG3,AMBALA,NR,BATHINDA,PUNJAB
BAKAYANWALA,BKWA,HG3,AMBALA,NR,FAZILKA,PUNJAB
BHANUPLI HALT,BNLY,HG3,AMBALA,NR,RUPNAGAR,PUNJAB
BHARUR HALT,BZ,HG3,AMBALA,NR,SANGRUR,PUNJAB
DAULATPUR HARYANA,DULP,HG3,AMBALA,NR,HISAR,HARYANA
GAJUWALA HALT,GJW,HG3,AMBALA,NR,FATEHABAD,HARYANA
GHUNAS HALT,GUNS,HG3,AMBALA,NR,BARNALA,PUNJAB
KAKRALA HALT,KKRL,HG3,AMBALA,NR,PATIALA,PUNJAB
KHAMANON,KMNN,HG3,AMBALA,NR,FATEHGARH SAHIB,PUNJAB
KILANWALI PUNJAB,KLWL,HG3,AMBALA,NR,FAZILKA,PUNJAB
KOTHA PAKKI HALT,KTPK,HG3,AMBALA,NR,GANGANAGAR,RAJASTHAN
KUDNI,KUDN,HG3,AMBALA,NR,FATEHABAD,HARYANA
LAL KALAN,LLKN,HG3,AMBALA,NR,LUDHIANA,PUNJAB
MOHANPURA HALT,MOPR,HG3,AMBALA,NR,GANGANAGAR,RAJASTHAN
ORKI HALT,ORKI,HG3,AMBALA,NR,GANGANAGAR,RAJASTHAN
PANOH,PH,HG3,AMBALA,NR,UNA,HIMACHAL PRADESH
PATIALA CANT.,PTE,HG3,AMBALA,NR,PATIALA,PUNJAB
PIRTHALA LALAUDA,PLT,HG3,AMBALA,NR,FATEHABAD,HARYANA
ROHIRA GHALLUGHARA H,RHW,HG3,AMBALA,NR,SANGRUR,PUNJAB
AMBALA CANTT. JN.,UMB,NSG2,AMBALA,NR,AMBALA,HARYANA
CHANDIGARH,CDG,NSG2,AMBALA,NR,CHANDIGARH,CHANDIGARH
BATHINDA JN.,BTI,NSG3,AMBALA,NR,BATHINDA,PUNJAB
KALKA,KLK,NSG3,AMBALA,NR,PANCHKULA,HARYANA
SAHARANPUR JN.,SRE,NSG3,AMBALA,NR,SAHARANPUR,UTTAR PRADESH
ABOHAR,ABS,NSG4,AMBALA,NR,FAZILKA,PUNJAB
PATIALA,PTA,NSG4,AMBALA,NR,PATIALA,PUNJAB
RAJPURA JN.,RPJ,NSG4,AMBALA,NR,PATIALA,PUNJAB
SIRHIND JN.,SIR,NSG4,AMBALA,NR,FATEHGARH SAHIB,PUNJAB
AMB ANDAURA,AADR,NSG5,AMBALA,NR,UNA,HIMACHAL PRADESH
AMBALA CITY,UBC,NSG5,AMBALA,NR,AMBALA,HARYANA
ANANDPUR SAHIB,ANSB,NSG5,AMBALA,NR,RUPNAGAR,PUNJAB
BARARA,RAA,NSG5,AMBALA,NR,AMBALA,HARYANA
BARNALA,BNN,NSG5,AMBALA,NR,BARNALA,PUNJAB
DHURI JN.,DUI,NSG5,AMBALA,NR,SANGRUR,PUNJAB
GIDDARBAHA,GDB,NSG5,AMBALA,NR,SRI MUKTSAR SAHIB,PUNJAB
JAGADHRI WORKSHOP,JUDW,NSG5,AMBALA,NR,YAMUNANAGAR,HARYANA
KHANNA,KNN,NSG5,AMBALA,NR,LUDHIANA,PUNJAB
MALERKOTLA,MET,NSG5,AMBALA,NR,SANGRUR,PUNJAB
MALOUT,MOT,NSG5,AMBALA,NR,SRI MUKTSAR SAHIB,PUNJAB
MANDI GOBIND GARH,GVG,NSG5,AMBALA,NR,FATEHGARH SAHIB,PUNJAB
NABHA,NBA,NSG5,AMBALA,NR,PATIALA,PUNJAB
NANGAL DAM,NLDM,NSG5,AMBALA,NR,RUPNAGAR,PUNJAB
RAMPURA PHUL,PUL,NSG5,AMBALA,NR,BATHINDA,PUNJAB
ROOP NAGAR,RPAR,NSG5,AMBALA,NR,RUPNAGAR,PUNJAB
SAHIBZADA AJITSINGH,SASN,NSG5,AMBALA,NR,RUPNAGAR,PUNJAB
SANGRUR,SAG,NSG5,AMBALA,NR,SANGRUR,PUNJAB
SHIMLA,SML,NSG5,AMBALA,NR,SHIMLA,HIMACHAL PRADESH
SUNAM UDHAM S W,SFMU,NSG5,AMBALA,NR,SANGRUR,PUNJAB
UNA HIMACHAL,UHL,NSG5,AMBALA,NR,UNA,HIMACHAL PRADESH
YAMUNANAGAR JUD,YJUD,NSG5,AMBALA,NR,YAMUNANAGAR,HARYANA
AHMED GARH,AHH,NSG6,AMBALA,NR,SANGRUR,PUNJAB
ALAL,ALAL,NSG6,AMBALA,NR,SANGRUR,PUNJAB
BAHADUR SINGH WALA,BSS,NSG6,AMBALA,NR,SANGRUR,PUNJAB
BAROG,BOF,NSG6,AMBALA,NR,SOLAN,HIMACHAL PRADESH
BARWALA,BXC,NSG6,AMBALA,NR,HISAR,HARYANA
BASSI PATHANAN,BSPN,NSG6,AMBALA,NR,FATEHGARH SAHIB,PUNJAB
BATHINDA CANTT.,BTIC,NSG6,AMBALA,NR,BATHINDA,PUNJAB
BHARATGARH,BARJ,NSG6,AMBALA,NR,RUPNAGAR,PUNJAB
BHUCHCHU,BCU,NSG6,AMBALA,NR,BATHINDA,PUNJAB
BULLUANA,BHX,NSG6,AMBALA,NR,BATHINDA,PUNJAB
CHAJLI,CJL,NSG6,AMBALA,NR,SANGRUR,PUNJAB
CHANDI MANDIR,CNDM,NSG6,AMBALA,NR,PANCHKULA,HARYANA
CHAWAPAIL,CHA,NSG6,AMBALA,NR,LUDHIANA,PUNJAB
CHHINTANWALA,CTW,NSG6,AMBALA,NR,PATIALA,PUNJAB
CHINTPURNI MARG,CHMG,NSG6,AMBALA,NR,UNA,HIMACHAL PRADESH
CHURARU TAKARLA,CHTL,NSG6,AMBALA,NR,UNA,HIMACHAL PRADESH
DAPPER,DHPR,NSG6,AMBALA,NR,S.A.S NAGAR,PUNJAB
DARAZPUR,DZP,NSG6,AMBALA,NR,YAMUNANAGAR,HARYANA
DAULATPUR CHAUK,DLPC,NSG6,AMBALA,NR,UNA,HIMACHAL PRADESH
DAUN KALAN,DOC,NSG6,AMBALA,NR,PATIALA,PUNJAB
DHABLAN,DBN,NSG6,AMBALA,NR,PATIALA,PUNJAB
DHANSU,DNX,NSG6,AMBALA,NR,HISAR,HARYANA
DHARAMPUR HIMACHAL,DMP,NSG6,AMBALA,NR,SOLAN,HIMACHAL PRADESH
DHULKOT,DKT,NSG6,AMBALA,NR,AMBALA,HARYANA
DORAHA,DOA,NSG6,AMBALA,NR,LUDHIANA,PUNJAB
DUKHERI,DOKY,NSG6,AMBALA,NR,AMBALA,HARYANA
FAQARSAR,FSR,NSG6,AMBALA,NR,SRI MUKTSAR SAHIB,PUNJAB
FATEHGARH SAHIB,FGSB,NSG6,AMBALA,NR,FATEHGARH SAHIB,PUNJAB
FATUHI,FTH,NSG6,AMBALA,NR,GANGANAGAR,RAJASTHAN
GHAGGHAR,GHG,NSG6,AMBALA,NR,S.A.S NAGAR,PUNJAB
GHANAULI,GANL,NSG6,AMBALA,NR,RUPNAGAR,PUNJAB
GILL,GILL,NSG6,AMBALA,NR,LUDHIANA,PUNJAB
GOVINDGARH KHOKHAR,GGKR,NSG6,AMBALA,NR,SANGRUR,PUNJAB
GUMMAN,GMM,NSG6,AMBALA,NR,SOLAN,HIMACHAL PRADESH
GURNAY,GRN,NSG6,AMBALA,NR,SANGRUR,PUNJAB
HADIAYA,HYA,NSG6,AMBALA,NR,BARNALA,PUNJAB
HIMMATANA,HMI,NSG6,AMBALA,NR,SANGRUR,PUNJAB
HINDUMALKOTE,HMK,NSG6,AMBALA,NR,GANGANAGAR,RAJASTHAN
JAMALPUR SHAIKHAN,JPS,NSG6,AMBALA,NR,FARIDABAD,HARYANA
JETHUKE,JHK,NSG6,AMBALA,NR,BATHINDA,PUNJAB
JUTOGH,JTO,NSG6,AMBALA,NR,SHIMLA,HIMACHAL PRADESH
KALANOUR,KNZ,NSG6,AMBALA,NR,YAMUNANAGAR,HARYANA
KANDAGHAT,KDZ,NSG6,AMBALA,NR,SOLAN,HIMACHAL PRADESH
KANOH,KANO,NSG6,AMBALA,NR,SOLAN,HIMACHAL PRADESH
KATHLEEGHAT,KEJ,NSG6,AMBALA,NR,SOLAN,HIMACHAL PRADESH
KAULI,KLI,NSG6,AMBALA,NR,PATIALA,PUNJAB
KAULSERI,KLSX,NSG6,AMBALA,NR,SANGRUR,PUNJAB
KESRI,KES,NSG6,AMBALA,NR,AMBALA,HARYANA
KHARAR,KARR,NSG6,AMBALA,NR,S.A.S NAGAR,PUNJAB
KILA RAIPUR,QRP,NSG6,AMBALA,NR,LUDHIANA,PUNJAB
KIRATPUR SAHIB,KART,NSG6,AMBALA,NR,RUPNAGAR,PUNJAB
KOTI,KOTI,NSG6,AMBALA,NR,SOLAN,HIMACHAL PRADESH
KUMARHATTI DAGSHAI,KMTI,NSG6,AMBALA,NR,SOLAN,HIMACHAL PRADESH
KUP,KUP,NSG6,AMBALA,NR,SANGRUR,PUNJAB
KURALI,KRLI,NSG6,AMBALA,NR,S.A.S NAGAR,PUNJAB
LALRU,LLU,NSG6,AMBALA,NR,S.A.S NAGAR,PUNJAB
LEHRA GAGA,LHA,NSG6,AMBALA,NR,SANGRUR,PUNJAB
LEHRA MUHABBAT,LHM,NSG6,AMBALA,NR,BATHINDA,PUNJAB
MIANPUR,MNPR,NSG6,AMBALA,NR,RUPNAGAR,PUNJAB
MORINDA,MRND,NSG6,AMBALA,NR,RUPNAGAR,PUNJAB
MUSTAFABAD,MFB,NSG6,AMBALA,NR,YAMUNANAGAR,HARYANA
NEW MORINDA,NMDA,NSG6,AMBALA,NR,RUPNAGAR,PUNJAB
NOGANWAN,NGWN,NSG6,AMBALA,NR,FATEHGARH SAHIB,PUNJAB
PAKKI,PKK,NSG6,AMBALA,NR,SRI MUKTSAR SAHIB,PUNJAB
PANJ-KOSI,PJK,NSG6,AMBALA,NR,FAZILKA,PUNJAB
PILKHANI,PKY,NSG6,AMBALA,NR,SAHARANPUR,UTTAR PRADESH
RAI MAIHATPUR,MTPR,NSG6,AMBALA,NR,UNA,HIMACHAL PRADESH
RAIPUR HARYANA,RPHR,NSG6,AMBALA,NR,HISAR,HARYANA
SADHOO GARH,SDY,NSG6,AMBALA,NR,FATEHGARH SAHIB,PUNJAB
SALOGRA,SLR,NSG6,AMBALA,NR,SOLAN,HIMACHAL PRADESH
SAMBHU,SMU,NSG6,AMBALA,NR,PATIALA,PUNJAB
SARAI BANJARA,SBJ,NSG6,AMBALA,NR,PATIALA,PUNJAB
SARSAWA,SSW,NSG6,AMBALA,NR,SAHARANPUR,UTTAR PRADESH
SEKHA,SEQ,NSG6,AMBALA,NR,BARNALA,PUNJAB
SHOGHI,SGS,NSG6,AMBALA,NR,SHIMLA,HIMACHAL PRADESH
SOLAN,SOL,NSG6,AMBALA,NR,SOLAN,HIMACHAL PRADESH
SONWARA,SWO,NSG6,AMBALA,NR,SOLAN,HIMACHAL PRADESH
SUMMER HILL,SHZ,NSG6,AMBALA,NR,SHIMLA,HIMACHAL PRADESH
TAKSAL,TSL,NSG6,AMBALA,NR,SOLAN,HIMACHAL PRADESH
TAPA,TAPA,NSG6,AMBALA,NR,BARNALA,PUNJAB
TARADEVI,TVI,NSG6,AMBALA,NR,SHIMLA,HIMACHAL PRADESH
UKLANA,UKN,NSG6,AMBALA,NR,HISAR,HARYANA
